Order No.,Type,Fiat Amount,Price,Coin Amount,Counterparty,Status,Time
1890417227827699712,BUY,10110,95.15,106.2533,radopopik_must,Canceled,2025-02-14 15:06:05+00
1890417900855455744,BUY,15000,95,157.8948,Fast.Swap,Completed,2025-02-14 15:08:45+00
1890432659078287360,BUY,6300,94,67.0213,NikoBentleyBTC,Completed,2025-02-14 16:07:24+00
1890999545347203072,SELL,5000,94.91,52.6815,VioTether,Completed,2025-02-16 05:40:00+00
1891008075710263296,BUY,2538,93.31,27.1997,Az_O,Completed,2025-02-16 06:13:54+00
1891009488306118656,BUY,2282,93.31,24.4562,Az_O,Completed,2025-02-16 06:19:31+00
1891018052786642944,SELL,2000.01,95.05,21.0417,jestergg,Completed,2025-02-16 06:53:33+00
1891021962830286848,SELL,15000,95,157.8948,bliskavka,Completed,2025-02-16 07:09:05+00
1891159787906117632,BUY,4000.01,92.4,43.2902,obmenkrasnodar1,Completed,2025-02-16 16:16:45+00
1891454927320186880,BUY,1113,92.49,12.0338,Mikey221,Completed,2025-02-17 11:49:32+00
1891458185971433472,SELL,6750,95.12,70.963,moriony,Completed,2025-02-17 12:02:29+00
1891518142147657728,BUY,618,91.9,6.7248,ruslaan,Completed,2025-02-17 16:00:44+00
1891520617504243712,BUY,5088.01,92.32,55.1128,ahm_mag,Completed,2025-02-17 16:10:34+00
1891523029077889024,BUY,5000,92.25,54.2006,"Makstein ",Canceled,2025-02-17 16:20:09+00
1891524649121443840,BUY,20000,92.46,216.3098,Dasha04,Canceled,2025-02-17 16:26:35+00
1891527212730380288,BUY,12000,92.45,129.7999,??MILASHKA_VIP,Completed,2025-02-17 16:36:46+00
1891531064734339072,SELL,15000.01,94.8,158.228,TigerCoin,Completed,2025-02-17 16:52:04+00
1891874205426720768,BUY,3901,92.68,42.0911,Region38,Completed,2025-02-18 15:35:36+00
1891875295068975104,BUY,2226,92.5,24.0649,HustrikP2P,Completed,2025-02-18 15:39:55+00
1891878435340361728,BUY,1683,92.5,18.1946,Martantrade,Completed,2025-02-18 15:52:24+00
1891882158263816192,SELL,15000.01,94.81,158.2113,Love isï¿½.??,Completed,2025-02-18 16:07:12+00
1892417961688076288,BUY,13775,90.89,151.5569,Silenze,Completed,2025-02-20 03:36:17+00
1892420254795165696,SELL,8000.01,92.28,86.6928,??????,Completed,2025-02-20 03:45:24+00
1892534954649243648,BUY,5000,90.4,55.3098,xavierr,Completed,2025-02-20 11:21:11+00
1892541298658897920,BUY,4590,90.3,50.8306,RaTreder,Completed,2025-02-20 11:46:23+00
1892542427888877568,SELL,16556,92.72,178.5592,RrealityRift,Completed,2025-02-20 11:50:52+00
1892594259926867968,BUY,6000,90.2,66.5189,thnip,Completed,2025-02-20 15:16:50+00
1892608502065430528,BUY,6000,90.7,66.1522,_.ANGEL._,Completed,2025-02-20 16:13:25+00
1892891624326950912,SELL,12860.01,91.7,140.2401,Ismail95v,Completed,2025-02-21 10:58:27+00
1894695517625044992,BUY,50000.01,87.2,573.3947,ROX and BOX,Completed,2025-02-26 10:26:29+00
1894696351502077952,SELL,41850,90.1,464.484,Kirill_eim,Completed,2025-02-26 10:29:47+00
1894698182651613184,SELL,10000.01,90.36,110.6686,Ahi95,Completed,2025-02-26 10:37:04+00
1894704006723112960,BUY,50000.01,87.09,574.1189,ROX and BOX,Completed,2025-02-26 11:00:13+00
1894704660663791616,SELL,48550.1,90.25,537.9513,AsyaIO,Completed,2025-02-26 11:02:48+00
1894706803810529280,SELL,4095,90.45,45.2737,UpToYou ?,Completed,2025-02-26 11:11:20+00
1896148693746843648,BUY,33950,89.55,379.1179,Chuch4riki_team,Completed,2025-03-02 10:40:53+00
1896150461490204672,SELL,29500,91.2,323.465,UpToYou ?,Completed,2025-03-02 10:47:54+00
1896152016799100928,SELL,3870,91,42.5275,MEKAZ,Completed,2025-03-02 10:54:05+00
1896160021784338432,BUY,15115,89.4,169.0716,nokanjivan,Completed,2025-03-02 11:25:54+00
1896161947088302080,SELL,12750,91.3,139.6496,DZEN21,Completed,2025-03-02 11:33:33+00
1896167873983860736,BUY,10782,89.85,120,MUHAMMAD500,Completed,2025-03-02 11:57:06+00
1896201860005830656,SELL,597.36,99.56,6,Muhammad5555,Completed,2025-03-02 14:12:09+00
1896948556240011264,BUY,10000,91.33,109.4931,ZagirGG,Completed,2025-03-04 15:39:15+00
1896950291080663040,SELL,12100.01,93.22,129.8006,allmoney,Completed,2025-03-04 15:46:09+00
1896951219258175488,BUY,10512,91.3,115.137,Nom_Nom,Completed,2025-03-04 15:49:50+00
1896953441993400320,BUY,12987,91.29,142.261,User23066azOEg,Completed,2025-03-04 15:58:40+00
1897910822350458880,SELL,18000,92.2,195.2278,Irina M,Completed,2025-03-07 07:22:57+00
1897912627953131520,BUY,12000,90.29,132.9051,molodoyexchange,Canceled,2025-03-07 07:30:08+00
1897913588290428928,BUY,6500,90.1,72.1421,erawy,Completed,2025-03-07 07:33:57+00
1897914576481460224,BUY,12000,90.09,133.2002,molodoyexchange,Canceled,2025-03-07 07:37:52+00
1898043466239004672,SELL,20000,91.25,219.1781,rheiny,Completed,2025-03-07 16:10:02+00
1898271651403747328,BUY,5500,88.65,62.0418,Rauf32,Completed,2025-03-08 07:16:46+00
1898273515298308096,BUY,19574,88.49,221.2002,?? Mag1c_change,Completed,2025-03-08 07:24:10+00
1898275455071244288,BUY,19950,88.57,225.2456,bugly,Canceled,2025-03-08 07:31:52+00
1898276324475854848,BUY,14121,88.5,159.5594,ivanmaksimov,Completed,2025-03-08 07:35:20+00
1898277993989345280,SELL,15000,91,164.8352,DobermanSam,Completed,2025-03-08 07:41:58+00
1898286917130899456,BUY,35000,88.73,394.4551,???????????,Completed,2025-03-08 08:17:25+00
1898731493173039104,SELL,50000,91.1,548.8475,rezedavv,Completed,2025-03-09 13:44:00+00
1898735796538732544,BUY,9150,88.59,103.2848,nenazvan,Completed,2025-03-09 14:01:06+00
1898737952196481024,BUY,39000,88.7,439.6844,obmenkrasnodar1,Completed,2025-03-09 14:09:40+00
1898741998088441856,SELL,56375,91.2,618.147,nnkkk1,Canceled,2025-03-09 14:25:45+00
1899068489132408832,SELL,63900,92.22,692.9083,B3n1Ch,Completed,2025-03-10 12:03:06+00
1899452098607316992,BUY,10000,88.87,112.524,BLATOSPHERA,Canceled,2025-03-11 13:27:26+00
1899453247183945728,BUY,14000,88.89,157.4981,VADIM,Completed,2025-03-11 13:32:00+00
1899455810884259840,BUY,15000,88.87,168.7859,V3 EXCHANGE,Canceled,2025-03-11 13:42:11+00
1899463761899216896,BUY,14250,88.9,160.2925,ALMET_TEAMM,Completed,2025-03-11 14:13:47+00
1899465203578208256,BUY,23020,88.78,259.2927,Siberia_pay,Canceled,2025-03-11 14:19:31+00
1899466004968165376,BUY,4638,88.5,52.4068,trickster1,Completed,2025-03-11 14:22:42+00
1899467491695005696,SELL,25000.01,90.8,275.3306,Daksher,Canceled,2025-03-11 14:28:36+00
1899470379864670208,BUY,2803,88.39,31.7118,ruslan90,Completed,2025-03-11 14:40:05+00
1899471424699535360,BUY,3750,88.59,42.3299,Mwow,Completed,2025-03-11 14:44:14+00
1899474730719776768,BUY,5000,88.39,56.5675,??KATANA??,Completed,2025-03-11 14:57:22+00
1899477587506118656,SELL,31000,90.7,341.7862,Fast??,Completed,2025-03-11 15:08:43+00
1899478953163108352,SELL,16000.01,90.42,176.9522,Jetix,Completed,2025-03-11 15:14:09+00
1900196911276744704,BUY,4800,87.3,54.9829,hello_nn,Canceled,2025-03-13 14:47:03+00
1900203595716681728,BUY,10000,87.78,113.9212,vovann,Completed,2025-03-13 15:13:37+00
1900205256190107648,BUY,5150,87,59.1955,dzhmlv,Completed,2025-03-13 15:20:13+00
1900207189559402496,BUY,11996,87.4,137.2541,TeamSosedki,Completed,2025-03-13 15:27:54+00
1900225856798773248,BUY,10016,87,115.1265,??????Napoleon,Completed,2025-03-13 16:42:05+00
1900226728887861248,BUY,20000,87.29,229.1214,FrontMan,Canceled,2025-03-13 16:45:32+00
1900227424020455424,BUY,10016,87,115.1265,??????Napoleon,Completed,2025-03-13 16:48:18+00
1900606330977812480,SELL,50000,90.7,551.268,Shmel777,Canceled,2025-03-14 17:53:56+00
1900620293757865984,SELL,33972,89.4,380,Business Group,Completed,2025-03-14 18:49:25+00
1900753020306747392,BUY,23000,86.4,266.2038,????TommyAnalitik????,Canceled,2025-03-15 03:36:50+00
1900753457288740864,BUY,75000,86.6,866.0509,Wld_Eg,Canceled,2025-03-15 03:38:34+00
1900753993309880320,BUY,25000,86.57,288.7837,__Atlantis__,Canceled,2025-03-15 03:40:42+00
1900912111111913472,BUY,23280,86.2,270.0697,????? VB,Completed,2025-03-15 14:09:00+00
1901010442351927296,SELL,29000,88.4,328.0543,Alanson,Canceled,2025-03-15 20:39:44+00
1901153229520109568,SELL,25000,88.4,282.8055,BILLIGANS.2,Completed,2025-03-16 06:07:07+00
1901157889350803456,BUY,6770,85.93,78.7851,RASKOL,Completed,2025-03-16 06:25:38+00
1901169490522226688,BUY,10000,85.83,116.5094,??KATANA??,Completed,2025-03-16 07:11:44+00
1901172132555014144,BUY,9026,85.8,105.1982,Ulyaaa,Completed,2025-03-16 07:22:14+00
1901175055260479488,BUY,10500,86,122.0931,poHuH,Completed,2025-03-16 07:33:51+00
1901176430219550720,SELL,20200,88.45,228.3777,avema,Completed,2025-03-16 07:39:18+00
1901304186862084096,BUY,29376,86.06,341.3433,guseinovcom,Completed,2025-03-16 16:06:58+00
1901310462176960512,SELL,60000,88.62,677.0481,Gazret,Canceled,2025-03-16 16:31:54+00
1901337684086530048,BUY,20000,85.75,233.2362,??KATANA??,Completed,2025-03-16 18:20:04+00
1901498765795819520,BUY,5000,85.7,58.3431,sublimeboy,Completed,2025-03-17 05:00:09+00
1901499588153417728,SELL,71800,87.91,816.7444,rheiny,Completed,2025-03-17 05:03:25+00
1901562973950996480,SELL,12500,88.6,141.0836,babymilo,Completed,2025-03-17 09:15:18+00
1901588931156246528,BUY,20000,85.28,234.5216,??ZontiK??,Completed,2025-03-17 10:58:26+00
1901590088235589632,BUY,20000,85.35,234.3293,d3nnn,Canceled,2025-03-17 11:03:02+00
1901591034016284672,BUY,20000.01,85.48,233.973,??MANGO??,Canceled,2025-03-17 11:06:48+00
1901594197068210176,BUY,38000,85.19,446.0618,TeamBT,Canceled,2025-03-17 11:19:22+00
1901595443143938048,BUY,24000,85.26,281.492,Rafiki,Completed,2025-03-17 11:24:19+00
1901597419873275904,BUY,12740,85.4,149.1804,Sh_Dinka,Completed,2025-03-17 11:32:10+00
1901649310359523328,SELL,40598,87.51,463.9242,PrimeTime,Completed,2025-03-17 14:58:22+00
1901968812847394816,BUY,33000,84.18,392.0172,Wld_Eg,Completed,2025-03-18 12:07:57+00
1901969689814536192,BUY,46653,84,555.3929,Clabe9ky,Completed,2025-03-18 12:11:26+00
1901970611202568192,SELL,97000,86.7,1118.8005,Fast??,Completed,2025-03-18 12:15:06+00
1902251808989007872,BUY,10000,83.17,120.2357,Mag1cpie_,Completed,2025-03-19 06:52:29+00
1902613063544176640,BUY,10001,84.99,117.6727,VladislavSev,Completed,2025-03-20 06:47:58+00
1902734772017827840,BUY,17900,86.2,207.6567,_UMBRELLA_PRO_,Completed,2025-03-20 14:51:36+00
1902736075378425856,BUY,10000,86.2,116.0093,Halamadridboy??,Completed,2025-03-20 14:56:47+00
1902743127000911872,BUY,14559,86.2,168.898,BobSon,Completed,2025-03-20 15:24:48+00
1902760697224384512,BUY,10000,86,116.2791,wertual,Completed,2025-03-20 16:34:37+00
1902763216681213952,BUY,9280,86.1,107.7817,Proffin99,Completed,2025-03-20 16:44:38+00
1903010537952972800,BUY,10000,85.9,116.4145,???????????????,Completed,2025-03-21 09:07:24+00
1903013469998735360,BUY,20480,86,238.1396,danil007-obmen,Completed,2025-03-21 09:19:03+00
1903030098420858880,BUY,10000,85.85,116.4823,Lunev20,Completed,2025-03-21 10:25:07+00
1903047141675294720,BUY,10000,85.5,116.9591,nikolaynes,Canceled,2025-03-21 11:32:51+00
1903049765492334592,BUY,32010,85.99,372.2526,BT6,Completed,2025-03-21 11:43:16+00
1903054995369168896,SELL,48613,89.75,541.6491,"TokenGuru ",Completed,2025-03-21 12:04:03+00
1903373777374687232,BUY,10369,84.68,122.4493,vadmikss,Completed,2025-03-22 09:10:47+00
1903374790576603136,BUY,20685,84.68,244.2726,vadmikss,Completed,2025-03-22 09:14:48+00
1903672259127275520,BUY,14000,84,166.6667,????TommyAnalitik????,Completed,2025-03-23 04:56:50+00
1903706045506215936,SELL,30000,87.5,342.8572,Sheggi,Completed,2025-03-23 07:11:06+00
1903740306972807168,SELL,80000,87.5,914.2858,Butterpancakes,Canceled,2025-03-23 09:27:14+00
1903768736762204160,SELL,15000,87.8,170.8429,??SLADIK ??,Completed,2025-03-23 11:20:12+00
1903812636622712832,BUY,5000,83.8,59.6659,best_change3,Completed,2025-03-23 14:14:39+00
1903817556550795264,SELL,24000,87.9,273.0376,rat22,Completed,2025-03-23 14:34:12+00
1904506250234593280,BUY,14600,84.17,173.4585,Ferrari_Engine,Completed,2025-03-25 12:10:49+00
1904508235001290752,BUY,25000,84,297.6191,goodmankz,Completed,2025-03-25 12:18:42+00
1904510095608307712,BUY,24000,84.07,285.4764,Team_BT2,Completed,2025-03-25 12:26:06+00
1904544126948130816,BUY,10000,79,126.5823,MomentoMori,Canceled,2025-03-25 14:41:20+00
1904545404533268480,BUY,30000,84.45,355.2398,Halamadridboy??,Completed,2025-03-25 14:46:24+00
1904554541614043136,SELL,44000.01,88.2,498.8664,spotX??,Completed,2025-03-25 15:22:43+00
1904559053920014336,BUY,10000,84.35,118.5537,Halamadridboy??,Completed,2025-03-25 15:40:39+00
1904729547404939264,BUY,10633,83.22,127.7698,Clabe9ky,Completed,2025-03-26 02:58:08+00
1904752170171277312,BUY,10000,83.2,120.1924,Name222,Completed,2025-03-26 04:28:01+00
1904759636723126272,BUY,8000,83.27,96.0731,??Pon4o??,Completed,2025-03-26 04:57:41+00
1904917598743130112,SELL,37000.01,87.3,423.8261,spotX??,Completed,2025-03-26 15:25:22+00
1904921376644804608,BUY,20000,83.2,240.3847,???????????????,Completed,2025-03-26 15:40:23+00
1904922912039890944,SELL,55000,87.4,629.2907,San4a,Completed,2025-03-26 15:46:29+00
1904923838553149440,BUY,23703,83.38,284.2769,belfordjordn,Completed,2025-03-26 15:50:10+00
1904927144563478528,BUY,15705,83.4,188.3094,Ho.Okah B0sss,Completed,2025-03-26 16:03:18+00
1904933346347892736,SELL,47600,86.51,550.2255,Alexandr137,Completed,2025-03-26 16:27:57+00
1905262263361241088,BUY,30070,83.5,360.1198,LORD25,Completed,2025-03-27 14:14:57+00
1905263433311014912,BUY,20000,83.2,240.3847,???????????????,Completed,2025-03-27 14:19:36+00
1905266591389503488,BUY,1490,83.2,17.9087,ohota.krepkoe??,Completed,2025-03-27 14:32:09+00
1905268107702677504,BUY,13987,83.48,167.5492,Aleks003,Completed,2025-03-27 14:38:10+00
1905272006675066880,BUY,6000,83.48,71.8736,Gulechka,Completed,2025-03-27 14:53:40+00
1905273974143025152,BUY,10000,83.2,120.1924,???????????????,Completed,2025-03-27 15:01:29+00
1905276276184645632,BUY,25000,83.25,300.3004,Magnus_777,Canceled,2025-03-27 15:10:38+00
1905276791687159808,BUY,10000.01,83.58,119.646,samosvaal,Canceled,2025-03-27 15:12:41+00
1905279756125503488,BUY,41321.01,84,491.9168,YBWlovehas,Completed,2025-03-27 15:24:28+00
1905282407480328192,BUY,15710,84,187.0239,V0VA,Completed,2025-03-27 15:35:00+00
1905287626660466688,SELL,23000,86.85,264.8245,Moon_EX,Completed,2025-03-27 15:55:44+00
1905294486212640768,SELL,29999,87,344.8161,FastDealsp,Completed,2025-03-27 16:22:59+00
1905472499857002496,SELL,30000,86,348.8373,PopLop_change,Completed,2025-03-28 04:10:21+00
1905639506261889024,SELL,30000,87.5,342.8572,Maxim S,Completed,2025-03-28 15:13:59+00
1905646672788340736,BUY,14486,83.1,174.3201,mel_qwe,Completed,2025-03-28 15:42:27+00
1906002872115339264,BUY,10000,83.89,119.2038,??GURU_MERCHANT??,Completed,2025-03-29 15:17:52+00
1906004023955652608,BUY,10000,83.85,119.2606,?Frolllooovvv?,Completed,2025-03-29 15:22:26+00
1906004791615193088,BUY,10000,83.84,119.2749,CorsairMonkey,Completed,2025-03-29 15:25:29+00
1906006046960685056,BUY,34000,84,404.762,?Frolllooovvv?,Completed,2025-03-29 15:30:29+00
1906009098032939008,BUY,10000,83.91,119.1754,Frooyz,Completed,2025-03-29 15:42:36+00
1906010117089427456,BUY,10000,83.94,119.1328,usman9,Completed,2025-03-29 15:46:39+00
1906010731495194624,BUY,10000,83.93,119.147,OOO_bnal,Completed,2025-03-29 15:49:06+00
1906012139141525504,SELL,90024,88,1023,?(?po?a?e?)?,Canceled,2025-03-29 15:54:41+00
1906365441971789824,SELL,15000,87.8,170.8429,MisterKingKong,Completed,2025-03-30 15:18:35+00
1906375171713593344,SELL,25000,87.53,285.6164,protopan,Completed,2025-03-30 15:57:15+00
1906391173398429696,SELL,54707,87,628.8161,DobermanSam,Canceled,2025-03-30 17:00:50+00
1906401783282905088,SELL,70000,87.1,803.674,suggy,Completed,2025-03-30 17:43:00+00
1907065913784250368,BUY,14095,84.25,167.2998,OG_NES.M1GOS,Completed,2025-04-01 13:42:01+00
1907095303614906368,BUY,10000,84.2,118.7649,petrovich56,Completed,2025-04-01 15:38:48+00
1907096983259774976,SELL,20000,87.25,229.2264,Anjok4,Completed,2025-04-01 15:45:28+00
1907099670455947264,BUY,20000,84,238.0953,BASH44,Completed,2025-04-01 15:56:09+00
1907110748932141056,BUY,12500,84,148.8096,OOO_bnal,Completed,2025-04-01 16:40:10+00
1907120826064609280,SELL,25000,86.8,288.0185,__muhammad77-77,Canceled,2025-04-01 17:20:13+00
1907279040369909760,BUY,19400,83.63,231.9742,LesserAlex,Completed,2025-04-02 03:48:54+00
1907739732990398464,SELL,78930,87.7,900,qwerty 1,Completed,2025-04-03 10:19:32+00
1907750869045510144,BUY,9000,84.3,106.7616,kkub1k,Completed,2025-04-03 11:03:47+00
1907792173031636992,BUY,10010,84.19,118.8978,OOO_bnal,Completed,2025-04-03 13:47:54+00
1907826852540874752,SELL,26190,87.3,300,DobermanSam,Canceled,2025-04-03 16:05:43+00
1908114635751440384,SELL,12300,87,141.3794,barakatishko,Completed,2025-04-04 11:09:16+00
1908117602407481344,BUY,15000,84.89,176.6993,BT6,Canceled,2025-04-04 11:21:03+00
1908119109058158592,SELL,25000,87.25,286.533,Irina M,Completed,2025-04-04 11:27:02+00
1908122445095481344,BUY,10000,84.2,118.7649,Dollar552,Completed,2025-04-04 11:40:17+00
1908123695174234112,BUY,11166,84.6,131.9859,Bastion,Completed,2025-04-04 11:45:15+00
1908127769135263744,BUY,15679,84,186.6548,???????,Completed,2025-04-04 12:01:27+00
1908910832953368576,BUY,10000,84.29,118.6381,usman9,Completed,2025-04-06 15:53:04+00
1910641283292868608,SELL,43000,87.81,489.6937,MILLIONAIRE0001,Completed,2025-04-11 10:29:15+00
1910644507866075136,BUY,25000,85.2,293.4273,Anjok4,Completed,2025-04-11 10:42:04+00
1910648871402393600,SELL,18966,88.5,214.3051,vadmikss,Completed,2025-04-11 10:59:24+00
1910651338033549312,BUY,19950,85,234.7059,MATEMENTS,Completed,2025-04-11 11:09:12+00
1910654572438704128,BUY,10000,85,117.6471,kmaiqq,Completed,2025-04-11 11:22:04+00
1910659636960219136,BUY,17391,85.19,204.1437,Mwew01,Completed,2025-04-11 11:42:11+00
1910663183803768832,BUY,18588,85,218.6824,Banana1234,Completed,2025-04-11 11:56:17+00
1910665013580783616,SELL,55000,88.2,623.5828,dkraw,Completed,2025-04-11 12:03:33+00
1910670356169764864,SELL,20000,87.5,228.5715,Irina M,Completed,2025-04-11 12:24:47+00
1910672250219868160,BUY,10000,85,117.6471,sayyyeah,Completed,2025-04-11 12:32:18+00
1910673974525202432,SELL,43100,87.82,490.7766,GRITHER-TEAM.1,Completed,2025-04-11 12:39:09+00
1911433199518535680,BUY,20000,83.46,239.6358,destroyermsc,Completed,2025-04-13 14:56:03+00
1911433881725186048,BUY,10000,83.6,119.6173,glebylik59,Completed,2025-04-13 14:58:45+00
1911434543031496704,BUY,16000,83.69,191.1818,Alibekov1881,Completed,2025-04-13 15:01:23+00
1911435758787354624,SELL,27300,86.4,315.9723,UpToYou ?,Completed,2025-04-13 15:06:13+00
1911437149761167360,BUY,20000,83.97,238.1804,GARIK1212,Completed,2025-04-13 15:11:45+00
1911440179133452288,BUY,47500,83.93,565.9479,Junga,Completed,2025-04-13 15:23:47+00
1911449885987463168,SELL,60000,86,697.6745,Mark7772553,Canceled,2025-04-13 16:02:21+00
1911453896717250560,SELL,50000,85.8,582.7506,dkraw,Completed,2025-04-13 16:18:17+00
1911810327685427200,BUY,10000,82.39,121.374,usman9,Completed,2025-04-14 15:54:37+00
1911811593815805952,BUY,30000,82.84,362.1439,Jack_MediaP2...,Canceled,2025-04-14 15:59:39+00
1911819315322019840,BUY,10000,82.45,121.2857,Halamadridboy??,Completed,2025-04-14 16:30:20+00
1912510542368030720,BUY,10000,82.68,120.9483,????? VB,Completed,2025-04-16 14:17:01+00
1912528664709906432,BUY,12000,82.5,145.4546,JolySpace_CHNG,Completed,2025-04-16 15:29:02+00
1912864510423887872,SELL,15000,85.1,176.2633,buldegron,Canceled,2025-04-17 13:43:34+00
1912865629180043264,SELL,25000,85.5,292.3977,Shmel777,Canceled,2025-04-17 13:48:01+00
1912866722552631296,BUY,9000,81.7,110.1592,GeekEx,Completed,2025-04-17 13:52:21+00
1912868044229718016,BUY,14408,82.29,175.0882,??Bilbo_Baggins,Completed,2025-04-17 13:57:36+00
1912874149097918464,SELL,40000.3,84.72,472.1471,x. x.,Completed,2025-04-17 14:21:52+00
1912876612960628736,BUY,10000,82.3,121.5067,Matori,Canceled,2025-04-17 14:31:39+00
1912877116267696128,BUY,30709,82,374.5,BITMAKERBOB,Completed,2025-04-17 14:33:39+00
1912888542011654144,SELL,98000,86,1139.5349,MECENAT,Completed,2025-04-17 15:19:03+00
1913179561126535168,BUY,20000,82.29,243.0429,Mag1cpie,Completed,2025-04-18 10:35:28+00
1913182592535445504,BUY,16500.01,81,203.7039,Timur11,Canceled,2025-04-18 10:47:31+00
1913185146879803392,BUY,23530,81.3,289.4219,Sahara1,Completed,2025-04-18 10:57:40+00
1913189441211637760,BUY,11500,82.39,139.5801,ya russkiy,Completed,2025-04-18 11:14:43+00
1913192131620343808,BUY,19220,81.65,235.395,Matori,Canceled,2025-04-18 11:25:25+00
1913192432086962176,BUY,20000,81.89,244.2301,sunshineCypto,Canceled,2025-04-18 11:26:37+00
1913197033826390016,BUY,14000,81.98,170.7734,??Mrs_Mag1c,Canceled,2025-04-18 11:44:54+00
1913198713282121728,BUY,14910,81.19,183.6434,Evgeniy13,Completed,2025-04-18 11:51:34+00
1913201172281749504,BUY,11000,81.65,134.7214,honeycard,Canceled,2025-04-18 12:01:20+00
1913201657681084416,BUY,10780,81.7,131.9462,MediaTeam_X,Canceled,2025-04-18 12:03:16+00
1913965927410724864,BUY,20000,81.45,245.5495,BILLIGANS.2,Completed,2025-04-20 14:40:12+00
1913969155472367616,SELL,29633,83.25,355.952,??Swappy??,Completed,2025-04-20 14:53:02+00
1913977375999234048,SELL,47200,83.35,566.2868,asezkmi7898,Completed,2025-04-20 15:25:42+00
1913982085593907200,BUY,10000,80.78,123.7931,usman9,Completed,2025-04-20 15:44:25+00
1913982701115207680,BUY,10000,80.73,123.8697,CorsairMonkey,Completed,2025-04-20 15:46:51+00
1914710119855464448,BUY,35000,81.3,430.5044,destroyermsc,Completed,2025-04-22 15:57:22+00
1914712667251470336,SELL,22000,83.02,264.9964,omar207,Canceled,2025-04-22 16:07:29+00
1914721013369769984,SELL,55000,83.25,660.6607,ExMazerati,Completed,2025-04-22 16:40:39+00
1915714163509395456,BUY,13356,81.95,162.9775,Gleb123,Completed,2025-04-25 10:27:04+00
1915788363162570752,BUY,11000,82.19,133.8363,Exp1oited,Completed,2025-04-25 15:21:55+00
1915794754536497152,BUY,10000,82,121.9513,BASH44,Completed,2025-04-25 15:47:18+00
1916118355652456448,BUY,10000,81.8,122.2494,usman9,Completed,2025-04-26 13:13:11+00
1916119398099492864,BUY,10000,81.8,122.2494,usman9,Completed,2025-04-26 13:17:20+00
1916120784081698816,BUY,10000,81.9,122.1002,Nadi555,Completed,2025-04-26 13:22:50+00
1916122346507046912,SELL,30000,84,357.1429,isa v zakone,Completed,2025-04-26 13:29:03+00
1916124622564134912,BUY,12000,81.88,146.556,euph0ria,Completed,2025-04-26 13:38:05+00
1916125349872480256,BUY,15000,81.84,183.2845,Aikumka,Completed,2025-04-26 13:40:59+00
1916126177127862272,SELL,12000,84.17,142.5687,Muhammad06.,Completed,2025-04-26 13:44:16+00
1916145747813134336,SELL,11250,84.26,133.5154,mageza,Completed,2025-04-26 15:02:02+00
1916148506665312256,SELL,20000,84,238.0953,TemaNechik,Completed,2025-04-26 15:13:00+00
1916158850568933376,SELL,13700,84.1,162.9014,?ryptoHunter,Completed,2025-04-26 15:54:06+00
1916164142227558400,BUY,35000,81.58,429.0268,YuliaSolo,Completed,2025-04-26 16:15:07+00
1916193533516173312,BUY,10000,81.65,122.474,MaximusGlad,Completed,2025-04-26 18:11:55+00
1916465200211152896,SELL,50000,84.15,594.1771,BILLIGANS.2,Canceled,2025-04-27 12:11:25+00
1916469516771454976,SELL,39000,84,464.2858,Pitupishnik,Completed,2025-04-27 12:28:34+00
1916470596012011520,BUY,10000,81.8,122.2494,petrovich56,Completed,2025-04-27 12:32:52+00
1916471179983372288,BUY,10000,81.8,122.2494,petrovich56,Completed,2025-04-27 12:35:11+00
1916471326443425792,BUY,11000,81.9,134.3102,madllexx,Completed,2025-04-27 12:35:46+00
1916472778937413632,SELL,15121.8,84.01,180,lilnaaaz,Canceled,2025-04-27 12:41:32+00
1916474310821593088,SELL,15000,84,178.5715,LITVIN,Canceled,2025-04-27 12:47:37+00
1916475667785379840,SELL,10000,84.01,119.0335,bizon,Canceled,2025-04-27 12:53:01+00
1916476848405872640,SELL,10000,84.2,118.7649,_xxinokss___EVA,Canceled,2025-04-27 12:57:42+00
1916478234572398592,SELL,11340,84,135,NEFIODOV,Canceled,2025-04-27 13:03:13+00
1916479625387442176,SELL,12500,84.11,148.615,Muhammad06.,Completed,2025-04-27 13:08:45+00
1916490396998234112,BUY,11768,81.88,143.7226,?? ????? ??? ??,Completed,2025-04-27 13:51:33+00
1916497563050610688,SELL,50000,84,595.2381,NUMBERONE.,Canceled,2025-04-27 14:20:01+00
1916502873613258752,SELL,22000,84,261.9048,MILLIONAIRE0001,Completed,2025-04-27 14:41:07+00
1916701549167398912,BUY,14250,81.8,174.2054,Ismacb,Completed,2025-04-28 03:50:35+00
1916703260685971456,BUY,25000,81.6,306.3726,Xatrig,Canceled,2025-04-28 03:57:23+00
1916814173149171712,SELL,61017.03,84.35,723.3792,kylll116,Canceled,2025-04-28 11:18:07+00
1917047535387561984,BUY,20000,80.85,247.3717,Matori,Completed,2025-04-29 02:45:25+00
1917212993636605952,SELL,34000,83.81,405.6796,traderr95,Canceled,2025-04-29 13:42:53+00
1917216803930218496,SELL,35250,83.51,422.1052,EL_NIQUITA,Completed,2025-04-29 13:58:02+00
1917218680960372736,BUY,11000,81.8,134.4744,AzazeL,Completed,2025-04-29 14:05:29+00
1917219674540916736,BUY,11000,81.24,135.4013,belfordjordn,Canceled,2025-04-29 14:09:26+00
1917221393889726464,BUY,17520,81.6,214.7059,wowka_miller,Completed,2025-04-29 14:16:16+00
1917223253212049408,BUY,27000,81.5,331.2884,honeycard,Completed,2025-04-29 14:23:39+00
1917554743199592448,SELL,25392,83.7,303.3692,UpToYou ?,Canceled,2025-04-30 12:20:52+00
1917559285021069312,SELL,55000,83.73,656.8733,arsen71,Completed,2025-04-30 12:38:55+00
1917569960704229376,BUY,10000,81,123.4568,usman9,Canceled,2025-04-30 13:21:21+00
1917571559150452736,BUY,10000,81.05,123.3807,kmaiqq,Completed,2025-04-30 13:27:42+00
1917571689811906560,BUY,9500,81.1,117.1394,GARIK1212,Completed,2025-04-30 13:28:13+00
1917573089335156736,BUY,11036,80.6,136.9231,Phoenix.Tut,Completed,2025-04-30 13:33:47+00
1917575194277068800,BUY,10000,81.15,123.2286,Fr1k,Completed,2025-04-30 13:42:08+00
1917590455530467328,SELL,50000,84.2,593.8243,NineEleven,Completed,2025-04-30 14:42:47+00
1917603097594736640,BUY,10000,81.1,123.3046,Rodion_p2p,Completed,2025-04-30 15:33:01+00
1917605511473524736,BUY,18000,81.43,221.0488,_PED_,Completed,2025-04-30 15:42:37+00
1917606733716340736,BUY,10000,81.2,123.1528,StandFox8,Completed,2025-04-30 15:47:28+00
1917956439282995200,SELL,21000,84,250,isa v zakone,Canceled,2025-05-01 14:57:04+00
1917963607118393344,SELL,35550.01,83.82,424.1233,Jetix,Completed,2025-05-01 15:25:33+00
1917965281524944896,BUY,10000,81.38,122.8804,Jack_MediaP2...,Completed,2025-05-01 15:32:12+00
1917970645146038272,BUY,10000,81.22,123.1224,BT6,Completed,2025-05-01 15:53:31+00
1917973758582190080,BUY,20000,81,246.9136,attractive2p,Completed,2025-05-01 16:05:54+00
1917979016771354624,SELL,50045,84,595.7739,Saint_Cripto,Canceled,2025-05-01 16:26:47+00
1918282242354593792,SELL,40000,84.01,476.1338,El6ukaew,Completed,2025-05-02 12:31:42+00
1918287583850188800,BUY,10400,81.15,128.1578,hxele,Completed,2025-05-02 12:52:55+00
1918289015629856768,BUY,19428,81.2,239.2611,Valdosi,Canceled,2025-05-02 12:58:37+00
1918611576765542400,BUY,10000,81.5,122.6994,kostik112_47,Completed,2025-05-03 10:20:21+00
1918613449229688832,BUY,15000.01,81.5,184.0493,boyhollow,Completed,2025-05-03 10:27:48+00
1918615603188764672,SELL,45000,84,535.7143,kurbangajiev1,Canceled,2025-05-03 10:36:21+00
1918630570102018048,BUY,15932.1,81.15,196.3291,PAVLYA777,Canceled,2025-05-03 11:35:50+00
1918634378316718080,BUY,15000,81.5,184.0491,kostik112_47,Completed,2025-05-03 11:50:58+00
1918636611783598080,SELL,25675,84.1,305.2914,FGStore,Completed,2025-05-03 11:59:50+00
1918639613973807104,BUY,18715,81.59,229.3787,Banana1234,Completed,2025-05-03 12:11:46+00
1918640829467533312,BUY,5000,81.13,61.6295,BT6,Completed,2025-05-03 12:16:36+00
1918644468410441728,SELL,25000,84.25,296.736,k4ban,Completed,2025-05-03 12:31:03+00
1918647096760352768,SELL,23483.8,84.1,279.2367,GREENWICH,Canceled,2025-05-03 12:41:30+00
1918649414641590272,SELL,15000,84,178.5715,Mamay05,Completed,2025-05-03 12:50:43+00
1918652310579679232,SELL,10000,84,119.0477,cryptoprincesss,Canceled,2025-05-03 13:02:13+00
1918653578025385984,BUY,12971,81.3,159.5449,25Fast_Work25,Completed,2025-05-03 13:07:15+00
1918655011111202816,BUY,12014,81.18,147.9922,BT6,Completed,2025-05-03 13:12:57+00
1918658386796167168,BUY,23850,81.6,292.2795,akhma,Completed,2025-05-03 13:26:22+00
1918661443166380032,BUY,16000,81.55,196.1987,????? VB,Completed,2025-05-03 13:38:30+00
1918665592992403456,SELL,11400.6,83.7,136.2079,murat09,Canceled,2025-05-03 13:55:00+00
1918666292554645504,SELL,10000,83.99,119.0618,foxylady,Canceled,2025-05-03 13:57:47+00
1918666842397450240,SELL,23000,84,273.8096,vlagenda,Canceled,2025-05-03 13:59:58+00
1918669477812068352,SELL,10000,84,119.0477,name_Sasha,Completed,2025-05-03 14:10:26+00
1918671078625771520,BUY,11732,81.3,144.3051,25Fast_Work25,Completed,2025-05-03 14:16:48+00
1918672724878069760,SELL,27000.02,84,321.4289,DimaSio,Completed,2025-05-03 14:23:20+00
1918687294195412992,BUY,12036,81.38,147.8988,??beermug??,Completed,2025-05-03 15:21:14+00
1918693511735013376,SELL,67000,84,797.6191,dkyesy,Completed,2025-05-03 15:45:56+00
1918696763547164672,BUY,5818,81.35,71.5182,????? VB,Completed,2025-05-03 15:58:51+00
1918701030562816000,BUY,18400,81.28,226.378,??Big_Whale??,Completed,2025-05-03 16:15:49+00
1919343933981147136,BUY,13000,82,158.5366,BILLIGANS_X,Completed,2025-05-05 10:50:29+00
1919345956164157440,BUY,33500,81.98,408.6363,BITMAKERBOB,Completed,2025-05-05 10:58:31+00
1919348705930993664,SELL,37000,84.2,439.43,Friman,Canceled,2025-05-05 11:09:27+00
1919349693379690496,SELL,25590,84.4,303.1991,????? ?????,Completed,2025-05-05 11:13:22+00
1919353097245003776,SELL,48750.1,84.2,578.9799,AnnyND,Completed,2025-05-05 11:26:54+00
1919355668070592512,BUY,13564,81.5,166.4295,mugaga,Canceled,2025-05-05 11:37:06+00
1919356695427608576,BUY,30000,81.89,366.3451,BITMAKERBOB,Canceled,2025-05-05 11:41:11+00
1919359045145067520,BUY,16871,81.9,205.9952,BT6,Completed,2025-05-05 11:50:32+00
1919361454107185152,BUY,10625,81.39,130.5443,Bulbozavr,Completed,2025-05-05 12:00:06+00
1919361952828170240,BUY,15000,81.9,183.1502,BT6,Completed,2025-05-05 12:02:05+00
1919363510921506816,BUY,5250,81.47,64.4409,????? VB,Completed,2025-05-05 12:08:16+00
1919365906665783296,BUY,12000,81.7,146.8789,BT6,Canceled,2025-05-05 12:17:48+00
1919366333103415296,BUY,10000,81.71,122.3841,??Mrs_Mag1c,Completed,2025-05-05 12:19:29+00
1919368123633811456,BUY,10000,81.49,122.7145,GARIK1212,Completed,2025-05-05 12:26:36+00
1919369881066536960,SELL,57000,84.5,674.5563,MokiAce,Canceled,2025-05-05 12:33:35+00
1919373295810170880,SELL,60000,84.5,710.0592,BTC mama,Completed,2025-05-05 12:47:09+00
1919415983973257216,BUY,36900,81.5,452.7608,Bastion,Canceled,2025-05-05 15:36:47+00
1919417599453925376,BUY,23000.01,81.7,281.5179,2P2BAR,Canceled,2025-05-05 15:43:12+00
1919419482190327808,BUY,14000,81,172.8396,poHuH,Completed,2025-05-05 15:50:41+00
1919423146235920384,BUY,9500,81.75,116.208,MediaTeam_WN,Completed,2025-05-05 16:05:15+00
1919425124292808704,BUY,15000,81.5,184.0491,Larik174,Completed,2025-05-05 16:13:06+00
1919582740101537792,BUY,12080,81,149.1359,Dadtut,Completed,2025-05-06 02:39:25+00
1919584664256950272,BUY,4002,80.44,49.7514,MoneyPrinting,Completed,2025-05-06 02:47:03+00
1919586703938289664,BUY,7000,81,86.4198,BT6,Canceled,2025-05-06 02:55:10+00
1919768714190790656,SELL,30000,83.81,357.9526,Vadim crypto,Completed,2025-05-06 14:58:24+00
1919770371188199424,SELL,13000,84.4,154.0285,vadmikss,Completed,2025-05-06 15:04:59+00
1919772128516763648,BUY,10000,80.95,123.5331,BASH44,Completed,2025-05-06 15:11:58+00
1919772441702146048,BUY,14061,80.8,174.0223,Banana1234,Completed,2025-05-06 15:13:13+00
1919774482159738880,BUY,10000.1,80.98,123.4886,3beyn,Completed,2025-05-06 15:21:20+00
1919775136483868672,SELL,49000,84.3,581.2575,SALVADOOR,Completed,2025-05-06 15:23:55+00
1919776709897781248,BUY,13000,81,160.4939,MiLLionerka,Completed,2025-05-06 15:30:11+00
1919777519360098304,BUY,10000,81,123.4568,Ho.Okah B0sss,Completed,2025-05-06 15:33:24+00
1919778988809433088,BUY,10000,81,123.4568,Bennet1337,Completed,2025-05-06 15:39:14+00
1919780198984089600,BUY,14830.01,81,183.0866,Timur11,Canceled,2025-05-06 15:44:02+00
1919783997669044224,BUY,10000,80.95,123.5331,kmaiqq,Completed,2025-05-06 15:59:08+00
1919784781289414656,SELL,5000,84.3,59.312,cryptoblade,Completed,2025-05-06 16:02:15+00
1919793726112456704,BUY,9999,80.8,123.75,Team_BT2,Canceled,2025-05-06 16:37:48+00
1919794238953267200,BUY,10000,80.9,123.6094,????? VB,Completed,2025-05-06 16:39:50+00
1919800887157370880,SELL,24000,84.12,285.3068,Irina M,Completed,2025-05-06 17:06:15+00
1919805388056457216,SELL,10000,84.36,118.5396,"????? ????? ",Completed,2025-05-06 17:24:08+00
1920083447797956608,BUY,10669,81.39,131.0849,KARAMELKA,Completed,2025-05-07 11:49:03+00
1920084354494013440,BUY,14021,81.39,172.2694,??H1TMAN??,Completed,2025-05-07 11:52:39+00
1920090006076952576,BUY,9000,81.25,110.7693,gmm033,Completed,2025-05-07 12:15:06+00
1920091815692095488,SELL,28000,84.01,333.2937,CriptiPapa,Completed,2025-05-07 12:22:18+00
1920092578709307392,BUY,25681,81.3,315.8795,n3mqp,Completed,2025-05-07 12:25:20+00
1920093665535537152,SELL,35000,85,411.7648,traderr95,Completed,2025-05-07 12:29:39+00
1920094263119265792,BUY,10045,81.48,123.2818,BT6,Completed,2025-05-07 12:32:01+00
1920104171623333888,BUY,10000,81.5,122.6994,Boris0707,Completed,2025-05-07 13:11:24+00
1920106446580269056,BUY,5454,81.3,67.0849,????? VB,Canceled,2025-05-07 13:20:26+00
1920108603724787712,BUY,10000,81.79,122.2644,Junga,Completed,2025-05-07 13:29:00+00
1920124462191403008,BUY,18300,82.15,222.7633,sunshineCypto,Completed,2025-05-07 14:32:01+00
1920183064158707712,SELL,38500,85,452.9412,viktor.sp,Completed,2025-05-07 18:24:53+00
1920183970608029696,SELL,15000,84.9,176.6785,foxylady,Completed,2025-05-07 18:28:29+00
1920186457737728000,SELL,15000,84.9,176.6785,foxylady,Canceled,2025-05-07 18:38:22+00
1920192540292591616,SELL,20000,85,235.2942,FAST_OBMEN228,Completed,2025-05-07 19:02:32+00
1920196223260696576,SELL,29750,84.72,351.1568,babymilo,Completed,2025-05-07 19:17:10+00
1920837638384435200,BUY,10000,82.25,121.5806,CorsairMonkey,Completed,2025-05-09 13:45:56+00
1920837813647245312,BUY,30000,82.3,364.5201,Name222,Completed,2025-05-09 13:46:37+00
1920839945027457024,BUY,10000,82.35,121.433,Name222,Completed,2025-05-09 13:55:06+00
1920841365931855872,SELL,14000,84.2,166.2708,Mansur S,Completed,2025-05-09 14:00:45+00
1921171371794518016,BUY,10000,81.6,122.5491,Nadi555,Completed,2025-05-10 11:52:04+00
1921172025476378624,BUY,10000,81.6,122.5491,petrovich56,Completed,2025-05-10 11:54:40+00
1921172818654593024,BUY,11840,81.7,144.9205,Kapochka,Completed,2025-05-10 11:57:49+00
1921177300973060096,BUY,6500,81.78,79.4816,Forrest Gump,Completed,2025-05-10 12:15:38+00
1921178750640607232,BUY,10000,81.8,122.2494,Kapochka,Completed,2025-05-10 12:21:23+00
1921526502756380672,BUY,16725,81.84,204.3622,Alexandr137,Completed,2025-05-11 11:23:14+00
1921532911437811712,BUY,10000,81.89,122.1151,??Big_Whale??,Completed,2025-05-11 11:48:42+00
1921931188939657216,SELL,17000.01,84.2,201.9004,spotX??,Completed,2025-05-12 14:11:19+00
1921931637511155712,SELL,52000,84.5,615.3847,Mamay05,Canceled,2025-05-12 14:13:05+00
1921936931811557376,SELL,60000,84.61,709.1361,MERCHANT_BEST,Completed,2025-05-12 14:34:08+00
1921941034373545984,SELL,30000,84.3,355.8719,roooom,Canceled,2025-05-12 14:50:26+00
1921948691115610112,BUY,15000,80.9,185.4141,destroyermsc,Completed,2025-05-12 15:20:51+00
1921949857106964480,BUY,10000,80.89,123.6247,CorsairMonkey,Completed,2025-05-12 15:25:29+00
1921952052077305856,BUY,10000,80.9,123.6094,LORD25,Completed,2025-05-12 15:34:13+00
1921957539289030656,SELL,19000.01,84.5,224.8522,spotX??,Completed,2025-05-12 15:56:01+00
1921961425576476672,SELL,20000,84.4,236.9669,poplopnom456hhh,Canceled,2025-05-12 16:11:27+00
1921961898875219968,SELL,25000,84.45,296.0332,EasyFlowEx,Canceled,2025-05-12 16:13:20+00
1921970167894413312,SELL,50000,84.55,591.3661,Shmel777,Completed,2025-05-12 16:46:12+00
1922290256258338816,BUY,12000,80.85,148.4231,ruslan90,Completed,2025-05-13 13:58:07+00
1922292301526200320,BUY,17180,81.09,211.8634,MVG,Completed,2025-05-13 14:06:14+00
1922294495806595072,BUY,11000,80.55,136.5612,Dragon-Alfa,Completed,2025-05-13 14:14:58+00
1922296030848270336,BUY,16000,80.49,198.7825,GARIK1212,Completed,2025-05-13 14:21:04+00
1922298116786987008,BUY,10000,80.5,124.2237,kmaiqq,Completed,2025-05-13 14:29:21+00
1922299293856362496,BUY,11425,81,141.0494,YBWlovehas,Completed,2025-05-13 14:34:02+00
1922317250627190784,BUY,18000,81.19,221.7022,Junga,Completed,2025-05-13 15:45:23+00
1922323535783370752,SELL,63300,84.1,752.6754,viktor.sp,Completed,2025-05-13 16:10:21+00
1922326003367981056,BUY,13650,80.5,169.5653,venol,Completed,2025-05-13 16:20:10+00
1922355022113042432,SELL,40000.02,83.6,478.4692,DimaSio,Completed,2025-05-13 18:15:28+00
1922647239528722432,BUY,10000,80.5,124.2237,kmaiqq,Completed,2025-05-14 13:36:38+00
1922647915620524032,BUY,17298,80.54,214.7753,frozenjpg,Completed,2025-05-14 13:39:19+00
1922649166455701504,BUY,10000,80.1,124.844,bijotrade19,Completed,2025-05-14 13:44:18+00
1922659473683795968,SELL,45000,84.2,534.4419,BTC mama,Canceled,2025-05-14 14:25:15+00
1922669686608515072,SELL,20000,84.31,237.2198,ZolotayaScaha,Completed,2025-05-14 15:05:50+00
1922670687071842304,SELL,14200,84.31,168.4261,ZolotayaScaha,Completed,2025-05-14 15:09:49+00
1922671956486148096,BUY,14630,80.49,181.7618,cryptoNika,Completed,2025-05-14 15:14:51+00
1922673934618394624,BUY,9360,80.7,115.9852,barakhtyanskiyy,Completed,2025-05-14 15:22:43+00
1922993138319130624,BUY,11070,81.4,135.9951,ya russkiy,Completed,2025-05-15 12:31:07+00
1922994265358270464,SELL,35000,84.2,415.677,JolySpace_CHNG,Canceled,2025-05-15 12:35:36+00
1922995913286553600,SELL,38000,83.9,452.9202,Boosty77,Completed,2025-05-15 12:42:09+00
1923338091842269184,BUY,10000,80.38,124.4091,usman9,Completed,2025-05-16 11:21:50+00
1923339136715653120,BUY,33223,80.44,413.016,Sahara1,Completed,2025-05-16 11:25:59+00
1923340505869520896,SELL,24000,83.6,287.0814,SexInstructor,Completed,2025-05-16 11:31:26+00
1923344129089945600,BUY,15000,80.3,186.7996,Anton Berlin,Completed,2025-05-16 11:45:50+00
1923347738104135680,BUY,10451,80.2,130.3118,_tt_,Completed,2025-05-16 12:00:10+00
1923414291637669888,SELL,35000,84.5,414.2012,YLin17,Completed,2025-05-16 16:24:38+00
1924424395202666496,BUY,9963,79.69,125.022,sshkn,Completed,2025-05-19 11:18:25+00
1924425105845264384,BUY,10000,80,125,katrinq471,Completed,2025-05-19 11:21:15+00
1924425346049568768,BUY,20000,79.9,250.3129,Lunev20,Completed,2025-05-19 11:22:12+00
1924426837296611328,SELL,50000,83.3,600.2401,SkinnRaha,Completed,2025-05-19 11:28:08+00
1924451363945263104,BUY,9690,80.2,120.823,ohavisen,Completed,2025-05-19 13:05:35+00
1924451548990439424,BUY,11000,79.79,137.8619,BT6,Completed,2025-05-19 13:06:19+00
1924453223230246912,BUY,15000,80,187.5,VipExchangers,Completed,2025-05-19 13:12:58+00
1924454271482650624,SELL,24000,83.15,288.635,Revelly,Completed,2025-05-19 13:17:08+00
1924454970824216576,BUY,12001,80.2,149.6385,MEDIArr,Completed,2025-05-19 13:19:55+00
1924456009416744960,BUY,10410,80,130.125,magashkaa,Canceled,2025-05-19 13:24:03+00
1924457661035085824,BUY,15000,80.27,186.8694,????? VB,Completed,2025-05-19 13:30:36+00
1924812213948284928,BUY,16150,79.85,202.2543,alex138,Completed,2025-05-20 12:59:28+00
1924813379211505664,BUY,10000,79.9,125.1565,CorsairMonkey,Completed,2025-05-20 13:04:06+00
1924814197007298560,BUY,10000,79.9,125.1565,penetratixn,Completed,2025-05-20 13:07:21+00
1924826852976037888,BUY,10000,79.8,125.3133,Halamadridboy??,Completed,2025-05-20 13:57:39+00
1924828797234565120,BUY,10000,79.9,125.1565,penetratixn,Completed,2025-05-20 14:05:22+00
1924829794974969856,SELL,52000.01,84,619.0478,spotX??,Canceled,2025-05-20 14:09:20+00
1924832760566087680,SELL,50000,83.5,598.8024,Ruslaann,Canceled,2025-05-20 14:21:07+00
1924851370483548160,SELL,34000,83,409.6386,tehnoponchik,Completed,2025-05-20 15:35:04+00
1924853874770345984,SELL,38000.01,84,452.3811,nisht9k,Completed,2025-05-20 15:45:01+00
1924857683712180224,SELL,33000.01,83.5,395.2098,nisht9k,Completed,2025-05-20 16:00:09+00
1925162436396437504,BUY,10000,79.4,125.9446,Nadi555,Completed,2025-05-21 12:11:08+00
1925163281182904320,BUY,10500,79.5,132.0755,katrinq471,Completed,2025-05-21 12:14:29+00
1925168029115609088,BUY,12762,79.42,160.6901,java_exchange,Completed,2025-05-21 12:33:21+00
1925169294523416576,SELL,44000.01,84,523.8097,spotX??,Canceled,2025-05-21 12:38:23+00
1925176266338324480,BUY,17500,79.9,219.0238,name_Sasha,Completed,2025-05-21 13:06:05+00
1925182303714480128,BUY,15830.01,79.98,197.9247,"crypto women ",Completed,2025-05-21 13:30:05+00
1925184974052773888,BUY,8176,79.79,102.469,SANYA-777,Completed,2025-05-21 13:40:41+00
1925194178180665344,BUY,17800,79.4,224.1814,??????_?????,Completed,2025-05-21 14:17:16+00
1925531710198755328,SELL,16200.01,82.8,195.6523,Nekky5,Canceled,2025-05-22 12:38:30+00
1925532477280624640,SELL,19000,83.55,227.4088,Pchelacrypto,Completed,2025-05-22 12:41:33+00
1925533180666810368,SELL,30000,81.66,367.377,isa v zakone,Completed,2025-05-22 12:44:20+00
1925533762473971712,SELL,20000,82.2,243.3091,kozanostra,Completed,2025-05-22 12:46:39+00
1925538795019075584,SELL,44000,82.5,533.3334,TJ | | Crypto,Completed,2025-05-22 13:06:39+00
1927040593461903360,BUY,18574,78.15,237.6712,andrujkee,Completed,2025-05-26 16:34:15+00
1927042512542691328,BUY,17100,78,219.2308,GARIK1212,Completed,2025-05-26 16:41:53+00
1929521008956477440,BUY,16406,77.9,210.6034,"Chillchepp ",Completed,2025-06-02 12:50:33+00
1929908165958447104,SELL,18900,81.35,232.3295,Raxman011,Completed,2025-06-03 14:28:58+00
1929910766789910528,SELL,15000.01,81.05,185.0711,Revelly,Completed,2025-06-03 14:39:18+00
1929913141911588864,SELL,14020,81.81,171.3727,kozanostra,Completed,2025-06-03 14:48:44+00
1931339769983401984,BUY,15000,78.25,191.6933,sunshineCypto,Completed,2025-06-07 13:17:39+00
1931342156726243328,BUY,10000,78.4,127.5511,penetratixn,Completed,2025-06-07 13:27:08+00
1931342864947740672,BUY,10000,78.3,127.714,Lunev20,Completed,2025-06-07 13:29:57+00
1931344315975135232,SELL,25000.01,81.1,308.2616,amrlv,Completed,2025-06-07 13:35:43+00
1931421284224126976,BUY,10000,78.2,127.8773,petrovich56,Completed,2025-06-07 18:41:34+00
1931421378524889088,BUY,14725,78.2,188.2993,LORD25,Completed,2025-06-07 18:41:56+00
1932470168934338560,BUY,22580,78,289.4872,Fiat_003,Completed,2025-06-10 16:09:27+00
1932470926020329472,BUY,10227,78,131.1154,GAD777,Completed,2025-06-10 16:12:28+00
1932802731964104704,SELL,20000.01,83,240.964,Timur11,Completed,2025-06-11 14:10:56+00
1932806104721391616,SELL,13000,83.4,155.8753,ZolotayaScaha,Completed,2025-06-11 14:24:21+00
1932808577568194560,SELL,14000,83.01,168.6544,MazeratiEx,Canceled,2025-06-11 14:34:10+00
1932813650870943744,SELL,21000,82.29,255.1951,lama98,Completed,2025-06-11 14:54:20+00
1932819197851668480,BUY,20000,78.88,253.5497,spotlightBT,Completed,2025-06-11 15:16:22+00
1932822470098030592,BUY,10001,78.91,126.7394,Natalia_,Completed,2025-06-11 15:29:22+00
1932824765236449280,BUY,20000,78.99,253.1967,????? VB,Canceled,2025-06-11 15:38:30+00
1932828000462966784,BUY,13407,79.2,169.2804,davalka21,Canceled,2025-06-11 15:51:21+00
1932829699787247616,BUY,10000,79.2,126.2627,kostik112_47,Completed,2025-06-11 15:58:06+00
1932831177949233152,BUY,10000,78.79,126.9197,sunshineCypto,Completed,2025-06-11 16:03:58+00
1932832925705658368,BUY,10000,78.89,126.7588,sunshineCypto,Completed,2025-06-11 16:10:55+00
1933498448105791488,SELL,35000.01,82.8,422.7055,amrlv,Completed,2025-06-13 12:15:28+00
1933499550068129792,SELL,25624,84.3,303.9621,FGStore,Completed,2025-06-13 12:19:51+00
1933501371135234048,BUY,10000,79,126.5823,popkorn_am,Completed,2025-06-13 12:27:05+00
1933503312453214208,BUY,17100,79.18,215.9637,BITMAKERBOB,Completed,2025-06-13 12:34:48+00
1933505991242940416,BUY,12000,79.2,151.5152,KaDu,Completed,2025-06-13 12:45:26+00
1933507289051172864,BUY,12000,79.05,151.8027,?777?,Completed,2025-06-13 12:50:36+00
1933510736274243584,SELL,19000.01,82.6,230.0244,arsen8090,Completed,2025-06-13 13:04:18+00
1933512499699568640,SELL,14000,82.5,169.697,Mansur S,Completed,2025-06-13 13:11:18+00
1933514905630523392,BUY,15000.01,79.3,189.1553,boyhollow,Completed,2025-06-13 13:20:52+00
1933518277181362176,BUY,14600.1,79.19,184.368,3beyn,Completed,2025-06-13 13:34:16+00
1933519893649346560,BUY,19000.1,79.34,239.477,3beyn,Completed,2025-06-13 13:40:41+00
1934623818845241344,SELL,15000,81.2,184.7291,Pitwopishe,Canceled,2025-06-16 14:47:17+00
1934624068441788416,SELL,11800,82.5,143.0304,??Salman717,Completed,2025-06-16 14:48:17+00
1934624684509061120,SELL,14500.01,81.25,178.4617,TimExc,Completed,2025-06-16 14:50:44+00
1934626045558722560,SELL,27500,81.6,337.0099,arres,Completed,2025-06-16 14:56:08+00
1934628827982462976,SELL,25000,82.35,303.5823,dkraw,Completed,2025-06-16 15:07:12+00
1934630025084026880,SELL,30000,82.31,364.4758,Bashmachnik,Completed,2025-06-16 15:11:57+00
1934633553275260928,BUY,14000,77.59,180.4357,KARAMELKA,Completed,2025-06-16 15:25:58+00
1934634098727718912,BUY,10000,77.6,128.866,bijotrade19,Completed,2025-06-16 15:28:08+00
1934978124195880960,BUY,10458,77.25,135.3787,sunshineCypto,Completed,2025-06-17 14:15:10+00
1934980789830262784,BUY,18780,77.97,240.8619,??MANGO??,Completed,2025-06-17 14:25:46+00
1935322477888069632,BUY,30000,78.69,381.2429,MVG,Completed,2025-06-18 13:03:31+00
1935323488678539264,BUY,12075,77.7,155.4055,Timalegko,Completed,2025-06-18 13:07:32+00
1935324310870593536,BUY,10380,77.9,133.2478,Sokol_Sh,Completed,2025-06-18 13:10:48+00
1935327618345664512,BUY,10000,78.5,127.3886,guru_P2P,Completed,2025-06-18 13:23:56+00
1935328540261916672,BUY,8000,77.88,102.7222,????? VB,Canceled,2025-06-18 13:27:36+00
1935335647997272064,BUY,12180,78.8,154.5686,katran900,Canceled,2025-06-18 13:55:51+00
1935336792696254464,BUY,19400,79,245.5697,GARK1414,Completed,2025-06-18 14:00:23+00
1936490886328299520,SELL,26441,82,322.4513,"Blackzilla ",Canceled,2025-06-21 18:26:21+00
1936491570575896576,SELL,18000.01,83,216.8676,ARTUR_PRIME,Completed,2025-06-21 18:29:04+00
1936492518420008960,SELL,24072,81.6,295,meison228,Completed,2025-06-21 18:32:50+00
1936494284939468800,SELL,30000,81.75,366.9725,Brad_Pitt_9905,Canceled,2025-06-21 18:39:51+00
1936497224713920512,SELL,26441,82,322.4513,"Blackzilla ",Canceled,2025-06-21 18:51:32+00
1937115023788544000,SELL,28400.01,83,342.1688,ARTUR_PRIME,Completed,2025-06-23 11:46:27+00
1937116988162433024,SELL,27200,82.4,330.0971,Gatti209,Completed,2025-06-23 11:54:15+00
1937119247572406272,SELL,16000,82.4,194.1748,CrownExChange??,Completed,2025-06-23 12:03:14+00
1937119905475231744,SELL,25000,82.62,302.5902,Pitwopishe,Completed,2025-06-23 12:05:51+00
1937140957266644992,BUY,10000,78.65,127.1456,katrinq471,Completed,2025-06-23 13:29:30+00
1937141840967114752,BUY,11415,78.6,145.2291,gadji_trade,Completed,2025-06-23 13:33:00+00
1937142845318287360,BUY,15320,79.19,193.4588,_????????????_,Completed,2025-06-23 13:37:00+00
1937148069951725568,BUY,13000,78,166.6667,Magomedrasulovv,Completed,2025-06-23 13:57:46+00
1937186597210054656,BUY,13300,78,170.5129,BASH44,Completed,2025-06-23 16:30:51+00
1938596324782792704,SELL,14700.01,83,177.1086,ARTUR_PRIME,Completed,2025-06-27 13:52:37+00
1938598279744868352,SELL,17000.01,82.3,206.5615,arsen8090,Completed,2025-06-27 14:00:23+00
1938599852240019456,SELL,15000,82.3,182.2601,????????????,Canceled,2025-06-27 14:06:37+00
1938600535167799296,SELL,15000,83.51,179.6193,??DRAGON_P2P,Completed,2025-06-27 14:09:20+00
1938610735316668416,SELL,16800,83.51,201.1736,asezkmi7898,Canceled,2025-06-27 14:49:52+00
1938621218708434944,SELL,10000,82.61,121.0508,foxylady,Canceled,2025-06-27 15:31:32+00
1938666256069287936,SELL,11500,83.01,138.5376,Abdulla717,Completed,2025-06-27 18:30:29+00
1938668182910201856,SELL,10000,83.76,119.3888,???????,Canceled,2025-06-27 18:38:09+00
1938916260357017600,BUY,10165,77.88,130.5214,TaiskiiRembo,Completed,2025-06-28 11:03:55+00
1938917058495275008,BUY,10000,77.9,128.3698,JACKMACK,Completed,2025-06-28 11:07:05+00
1938974904739606528,BUY,10000,77.6,128.866,Lunev20,Completed,2025-06-28 14:56:57+00
1940370896426291200,BUY,15000,76.74,195.4653,Jack_MediaP2...,Completed,2025-07-02 11:24:07+00
1940371803547000832,BUY,10000,76.8,130.2084,AzeCRYPYO,Completed,2025-07-02 11:27:44+00
1940372959613673472,BUY,15000,77,194.8052,KIWI??,Completed,2025-07-02 11:32:19+00
1940374581599576064,BUY,10870,77.4,140.4393,??Mr.Pickle??,Completed,2025-07-02 11:38:46+00
1940377487353540608,BUY,10670,76.74,139.041,nekinu,Completed,2025-07-02 11:50:19+00
1940595412418621440,BUY,16000,76.88,208.1166,kostik112_47,Completed,2025-07-03 02:16:16+00
1940769342158827520,BUY,15430,77.5,199.0968,Fastrade??,Completed,2025-07-03 13:47:24+00
1940785251304894464,SELL,49000,81.01,604.8636,DevochkaPay,Completed,2025-07-03 14:50:37+00
1940789388697030656,SELL,52200,81.91,637.2849,NineEleven,Canceled,2025-07-03 15:07:04+00
1940834779636973568,SELL,62000.01,82,756.0977,AAlexeev,Completed,2025-07-03 18:07:26+00
1942180974441623552,BUY,18300,78.3,233.7165,JolySpace_CHNG,Completed,2025-07-07 11:16:44+00
1942181805445636096,BUY,15000,77.99,192.3324,Jack_MediaP2...,Completed,2025-07-07 11:20:02+00
1942184720860864512,BUY,15000,78,192.3077,??Lirika??,Completed,2025-07-07 11:31:37+00
1942241632709562368,BUY,20479,77.8,263.2263,AlexMilovsky,Completed,2025-07-07 15:17:46+00
1942243156700008448,BUY,17000,77.8,218.509,reshka,Completed,2025-07-07 15:23:49+00
1942245724248920064,BUY,15575,77.9,199.9359,KKTeam_Jr,Completed,2025-07-07 15:34:01+00
1942247040177823744,BUY,10000,78,128.2052,YABLOKO,Completed,2025-07-07 15:39:15+00
1942248918130503680,SELL,18500,81,228.3951,Trc_erc20,Canceled,2025-07-07 15:46:43+00
1942249722336776192,SELL,30000,82.5,363.6364,??DRAGON_P2P,Canceled,2025-07-07 15:49:54+00
1942250474513895424,SELL,10000,81.82,122.2196,Irina M,Completed,2025-07-07 15:52:54+00
1942256318259163136,SELL,38700.01,82,471.9514,ARTUR_PRIME,Completed,2025-07-07 16:16:07+00
1942259840702099456,SELL,24000,82.55,290.7329,Abdulla717,Canceled,2025-07-07 16:30:07+00
1942261283136258048,SELL,35000.02,82.1,426.3097,DimaSio,Canceled,2025-07-07 16:35:51+00
1942956367578972160,SELL,15663,83,188.7109,ZolotayaScaha,Canceled,2025-07-09 14:37:52+00
1942957347814612992,SELL,24541,82.6,297.1066,ZolotayaScaha,Completed,2025-07-09 14:41:45+00
1942961816421236736,SELL,21540,83.57,257.748,Sherry_L,Canceled,2025-07-09 14:59:31+00
1942965123475226624,SELL,15500,83.4,185.8514,vorrrrr213,Completed,2025-07-09 15:12:39+00
1942971842401472512,BUY,15000,78.19,191.8404,MrMag1c,Completed,2025-07-09 15:39:21+00
1942974471587102720,BUY,10000,78.7,127.0649,?KriptoAuditor,Completed,2025-07-09 15:49:48+00
1943008200089546752,SELL,34500,83.51,413.1242,Abdulla717,Completed,2025-07-09 18:03:50+00
1943901449623613440,BUY,16012,78.1,205.0193,BT6,Completed,2025-07-12 05:13:17+00
1944466156126912512,BUY,19506,78.35,248.9598,the_lwf,Completed,2025-07-13 18:37:13+00
1944468621915865088,BUY,10000,78.3,127.714,Fersegno,Completed,2025-07-13 18:47:01+00
1944792508013531136,BUY,35500,78.99,449.424,sunshineCypto,Completed,2025-07-14 16:14:02+00
1944794984922185728,BUY,10902,78.89,138.1925,qqept,Completed,2025-07-14 16:23:52+00
1950903302672113664,SELL,10500,86,122.0931,ZolotayaScaha,Completed,2025-07-31 12:56:09+00
1951541937820295168,BUY,40000,81.1,493.2183,MaximusGlad,Canceled,2025-08-02 07:13:51+00
1952317397463277568,BUY,25000,80.79,309.4443,ALEX_EXCHANGE,Completed,2025-08-04 10:35:15+00
1952318677727449088,BUY,18600,80.25,231.7758,enji,Completed,2025-08-04 10:40:20+00
1952320050019233792,BUY,11715,80.47,145.5823,MVG,Completed,2025-08-04 10:45:47+00
1952741263956320256,BUY,15000.01,80.9,185.4143,??Badger??,Completed,2025-08-05 14:39:33+00
1952742834232434688,SELL,10000,84.01,119.0335,GRS99,Completed,2025-08-05 14:45:47+00
1952743476560732160,SELL,10743.42,84.04,127.837,tyler1,Canceled,2025-08-05 14:48:20+00
1952744469582499840,SELL,23300,83.21,280.0145,FLEXchange,Completed,2025-08-05 14:52:17+00
1953040592784248832,SELL,45000,83.5,538.9222,Mikailov077,Canceled,2025-08-06 10:28:58+00
1953041303517917184,SELL,10000.01,84.01,119.0336,P2PRodger,Canceled,2025-08-06 10:31:48+00
1953087557294419968,SELL,40829,82.9,492.5091,Gatti209,Canceled,2025-08-06 13:35:35+00
1953451750436921344,SELL,17150,83,206.6266,Ignition,Completed,2025-08-07 13:42:46+00
1953452970756349952,SELL,25000,83,301.2049,Kings bit,Canceled,2025-08-07 13:47:37+00
1953455022681169920,SELL,45000.01,83.01,542.1035,INVESTMENTS,Canceled,2025-08-07 13:55:46+00
1953456869219840000,SELL,35550,84.3,421.7082,Ferrari_Engine,Completed,2025-08-07 14:03:06+00
1953464408895987712,SELL,15000,82.7,181.3785,TheGoldenCoin,Canceled,2025-08-07 14:33:04+00
1953467739487936512,SELL,22000,83.82,262.4672,Irina M,Completed,2025-08-07 14:46:18+00
1954918489392336896,BUY,10007,78.8,126.9924,ExTudor,Completed,2025-08-11 14:51:04+00
1955221422937448448,BUY,16215,78.55,206.4291,Gleb123,Completed,2025-08-12 10:54:49+00
1955299383617609728,BUY,10000,79,126.5823,Chuch4riki_team,Completed,2025-08-12 16:04:36+00
1955526581021515776,SELL,15000,86.53,173.3503,DannyStorm,Canceled,2025-08-13 07:07:24+00
1955579275258863616,SELL,20000,86.99,229.9115,CriptoMost,Canceled,2025-08-13 10:36:47+00
1957050751910330368,BUY,16000,79.8,200.5013,Gold-exchange,Completed,2025-08-17 12:03:55+00
1957053699398746112,SELL,10000,85.31,117.2196,Koks228,Completed,2025-08-17 12:15:37+00
1957089588867649536,SELL,10000,85,117.6471,??CrYpTo_CaR??,Canceled,2025-08-17 14:38:14+00
1957107062069678080,SELL,10000,85.1,117.5089,FonDip,Completed,2025-08-17 15:47:40+00
1957407990492135424,SELL,10000,86.01,116.2656,Koks228,Completed,2025-08-18 11:43:27+00
1957409126976372736,SELL,20000,85.7,233.3723,Work_Evreday,Canceled,2025-08-18 11:47:58+00
1957410823316680704,SELL,10000,84,119.0477,"????? ????? ",Completed,2025-08-18 11:54:42+00
1957434642103164928,SELL,10500,86.2,121.8098,ZolotayaScaha,Completed,2025-08-18 13:29:21+00
1957439240752279552,SELL,40000,86.5,462.4278,Lemon??,Canceled,2025-08-18 13:47:38+00
1957464143464034304,SELL,10000,86.4,115.7408,ZolotayaScaha,Completed,2025-08-18 15:26:35+00
1957465530438410240,SELL,10001,85,117.6589,!077!,Completed,2025-08-18 15:32:06+00
1957480507521458176,SELL,25000,84.77,294.9157,Montero??,Canceled,2025-08-18 16:31:36+00
1957836106619957248,SELL,10001,85.31,117.2313,!077!,Completed,2025-08-19 16:04:38+00
1957836753590214656,SELL,15500,83.55,185.5177,TuzBtc,Completed,2025-08-19 16:07:12+00
1957837353706713088,SELL,15000,84.5,177.5148,FonDip,Completed,2025-08-19 16:09:35+00
1958116629800214528,BUY,19954,79.9,249.7372,n3mqp,Completed,2025-08-20 10:39:20+00
1958119245063184384,BUY,18020,80.09,224.9969,Alexandr137,Canceled,2025-08-20 10:49:43+00
1958188098536730624,BUY,22660,79.44,285.2468,1EIGHT1,Completed,2025-08-20 15:23:19+00
1958194253272576000,BUY,25200,80.2,314.2145,GRITHER-TEAM.1,Completed,2025-08-20 15:47:47+00
1958197141387595776,BUY,20000,80,250,spider_trade_gg,Completed,2025-08-20 15:59:15+00
1958202203977744384,BUY,20010,80.58,248.3247,Ariel_??2??,Completed,2025-08-20 16:19:22+00
1958210248707911680,BUY,16570,80.7,205.3284,BROM-Ex,Completed,2025-08-20 16:51:20+00
1958212578450665472,BUY,13432,80.5,166.8572,??QUEEN??,Completed,2025-08-20 17:00:36+00
1958216452483375104,SELL,50000,83.73,597.1576,Love isï¿½.??,Completed,2025-08-20 17:15:59+00
1958566258994982912,BUY,13135,79.7,164.8056,n3mqp,Completed,2025-08-21 16:26:00+00
1958566935664939008,SELL,11000,83.5,131.7366,Mansur S,Completed,2025-08-21 16:28:41+00
1958771600370966528,SELL,16000,85.72,186.6543,ZolotayaScaha,Completed,2025-08-22 06:01:57+00
1959271433129877504,BUY,13000,79.6,163.3166,qqept,Completed,2025-08-23 15:08:06+00
1959272220383961088,BUY,14020,79.89,175.4913,BILLIGANS_X,Completed,2025-08-23 15:11:14+00
1959518570010124288,SELL,35000,85.82,407.8303,ZolotayaScaha,Completed,2025-08-24 07:30:08+00
1959604298214928384,SELL,10000,86,116.2791,ZolotayaScaha,Canceled,2025-08-24 13:10:48+00
1959619620661751808,BUY,10380,79.5,130.566,???????????????,Completed,2025-08-24 14:11:41+00
1959929612104937472,BUY,25000,80.9,309.0235,_Lavanda@,Completed,2025-08-25 10:43:29+00
1959931572541702144,BUY,32000,80.8,396.0396,Temirlan07,Completed,2025-08-25 10:51:16+00
1959933478913781760,BUY,12606,81,155.6296,abdullah777,Completed,2025-08-25 10:58:50+00
1959935319779033088,BUY,10500,80.8,129.9505,katran900,Completed,2025-08-25 11:06:09+00
1959943854374383616,SELL,30000,84.5,355.0296,??????????????,Canceled,2025-08-25 11:40:04+00
1959977456468045824,SELL,25000,84.3,296.5599,Kings bit,Completed,2025-08-25 13:53:35+00
1959997538705620992,SELL,30000,86,348.8372,WindyWeather,Canceled,2025-08-25 15:13:23+00
1960002546002227200,SELL,15000,84.18,178.1896,cryptop ??,Completed,2025-08-25 15:33:17+00
1960017093794672640,SELL,30000,86.3,347.6246,?????????,Canceled,2025-08-25 16:31:06+00
1960207678135255040,SELL,18500,84.52,218.8831,ZolotayaScaha,Canceled,2025-08-26 05:08:25+00
1960218846951583744,SELL,12000,85.61,140.1705,ZolotayaScaha,Completed,2025-08-26 05:52:47+00
1960223501554888704,SELL,23000,83.23,276.3427,Love isï¿½.??,Completed,2025-08-26 06:11:17+00
1960223612997939200,SELL,10000,83.52,119.7318,ZolotayaScaha,Completed,2025-08-26 06:11:44+00
1960226000061632512,SELL,10000,84.85,117.855,ZolotayaScaha,Canceled,2025-08-26 06:21:13+00
1960232047726227456,SELL,25000,83.33,300.012,Love isï¿½.??,Completed,2025-08-26 06:45:15+00
1960265036596396032,SELL,10000,83,120.4819,FonDip,Completed,2025-08-26 08:56:20+00
1960287712750387200,SELL,10000,86.31,115.8615,Super T,Completed,2025-08-26 10:26:26+00
1960391944111439872,SELL,5000,87.05,57.4383,"????? ????? ",Canceled,2025-08-26 17:20:37+00
1960578583324979200,SELL,20000,85.25,234.6042,Bobrito bandito,Canceled,2025-08-27 05:42:15+00
1961727627016904704,SELL,17200,84.9,202.5913,Kings bit,Completed,2025-08-30 09:48:09+00
1962075834344620032,SELL,24900,83.55,298.0252,TimExc,Completed,2025-08-31 08:51:48+00
1962141308502507520,BUY,26576,80,332.2,Pitupichnik,Completed,2025-08-31 13:11:58+00
1962145867085021184,BUY,25000,79.7,313.6763,???????????????,Completed,2025-08-31 13:30:05+00
1962147681102807040,BUY,30000,79.98,375.0938,BobSon,Completed,2025-08-31 13:37:17+00
1962149346695462912,BUY,17000,79.92,212.7127,??,Completed,2025-08-31 13:43:54+00
1962170458993639424,BUY,14600,79.9,182.7284,enji,Completed,2025-08-31 15:07:48+00
1962171464748900352,BUY,20000,79.69,250.9725,sunshineCypto,Canceled,2025-08-31 15:11:48+00
1962182141542219776,BUY,16000,79.5,201.2579,StandFox,Completed,2025-08-31 15:54:13+00
1962182416648536064,BUY,17460,79.6,219.3467,IvanP771,Canceled,2025-08-31 15:55:19+00
1962559927239520256,SELL,19750,83.02,237.8945,Irina M,Completed,2025-09-01 16:55:24+00
1962771729166344192,BUY,10000,79.4,125.9446,Halamadridboyð§¸,Completed,2025-09-02 06:57:02+00
1962772332428623872,BUY,19000,79.5,238.9937,sdafeqawdfads,Completed,2025-09-02 06:59:26+00
1962774555959042048,BUY,20000,79.99,250.0313,Mag1cpie,Completed,2025-09-02 07:08:16+00
1962776131831848960,BUY,18500,79.99,231.2789,"megan_fox ",Completed,2025-09-02 07:14:32+00
1962779070271660032,BUY,10065,80.1,125.6554,AzazeL,Canceled,2025-09-02 07:26:12+00
1963255087849029632,SELL,30000,83,361.4458,Kings bit,Completed,2025-09-03 14:57:44+00
1963267488704983040,SELL,60000,83,722.8916,tulpar,Completed,2025-09-03 15:47:00+00
1963626209056198656,SELL,40000,83.99,476.2472,huszz,Canceled,2025-09-04 15:32:26+00
1963641840574156800,SELL,20000,83.32,240.0385,Irina M,Completed,2025-09-04 16:34:33+00
1963643225189441536,SELL,23400,83,281.9278,Mansur S,Completed,2025-09-04 16:40:03+00
1963817220789809152,SELL,12000,83.31,144.0404,ZolotayaScaha,Completed,2025-09-05 04:11:27+00
1963892334491750400,SELL,19516,85.06,229.4381,ZolotayaScaha,Completed,2025-09-05 09:09:55+00
1963957611779334144,SELL,35000,83.2,420.6731,Mansur S,Completed,2025-09-05 13:29:18+00
1963963234391781376,SELL,10700,84,127.381,ZolotayaScaha,Completed,2025-09-05 13:51:39+00
1964321433965019136,BUY,24960,80.9,308.529,IID555,Completed,2025-09-06 13:35:00+00
1964715380551077888,BUY,16775,81,207.0988,Giezalo,Completed,2025-09-07 15:40:25+00
1964716764168724480,BUY,10000,80.94,123.5483,cat_coin,Completed,2025-09-07 15:45:54+00
1964722736475938816,BUY,10000,81.08,123.335,cat_coin,Completed,2025-09-07 16:09:38+00
1964724906091782144,BUY,10000,81.15,123.2286,kurome,Completed,2025-09-07 16:18:16+00
1964730798209900544,BUY,12000,80.78,148.5516,honeycard,Completed,2025-09-07 16:41:40+00
1965016169279373312,BUY,10000,81.79,122.2643,Dr_SAADSAEED,Canceled,2025-09-08 11:35:38+00
1965017094035337216,BUY,17822.7,81.99,217.3765,ðMsMagic,Completed,2025-09-08 11:39:19+00
1965071853174841344,SELL,28000,85.2,328.6385,the_Kot,Completed,2025-09-08 15:16:54+00
1965074339284496384,BUY,10550,82,128.6585,Sale_usdt,Completed,2025-09-08 15:26:47+00
1965255392597098496,BUY,25000,81.5,306.7485,CorsairMonkey,Completed,2025-09-09 03:26:13+00
1965256652838330368,BUY,47000,81.7,575.2754,B1WiC,Canceled,2025-09-09 03:31:14+00
1965258124888096768,BUY,40000,81.7,489.5961,Sedoy_trader,Completed,2025-09-09 03:37:05+00
1965402306084724736,SELL,15700,85.5,183.6258,Mansur S,Canceled,2025-09-09 13:10:00+00
1965403105599647744,BUY,12500,83.65,149.4322,iFlipXChange,Completed,2025-09-09 13:13:11+00
1965406313773387776,SELL,10000,86.5,115.607,ZolotayaScaha,Completed,2025-09-09 13:25:56+00
1965459927168835584,SELL,23000,86.23,266.7286,Love isâ¦.â¤ï¸,Canceled,2025-09-09 16:58:58+00
1965766913729921024,SELL,30500,89.02,342.6197,Love isâ¦.â¤ï¸,Completed,2025-09-10 13:18:50+00
1965814640565411840,SELL,50000,88.53,564.7804,Love isâ¦.â¤ï¸,Canceled,2025-09-10 16:28:29+00
1966155037388857344,BUY,45001,85.5,526.3275,BURN,Completed,2025-09-11 15:01:06+00
1966163514537648128,SELL,18000,88.5,203.3899,Mansur S,Completed,2025-09-11 15:34:47+00
1966179371351384064,BUY,11000,85,129.4118,best_change3,Completed,2025-09-11 16:37:47+00
1966754938225016832,SELL,22500,87.55,256.9961,ZolotayaScaha,Canceled,2025-09-13 06:44:53+00
1966800703676858368,SELL,11000,87.2,126.1468,Mansur S,Completed,2025-09-13 09:46:44+00
1966824389257433088,SELL,77000,87.13,883.737,Love isâ¦.â¤ï¸,Canceled,2025-09-13 11:20:51+00
1966867209191469056,SELL,11750,87.3,134.5934,Zanetti500,Completed,2025-09-13 14:11:01+00
1966885992076492800,SELL,12126,87.25,138.98,ZolotayaScaha,Completed,2025-09-13 15:25:39+00
1967092215544168448,SELL,40000,86,465.1163,Mansur S,Canceled,2025-09-14 05:05:06+00
1967114374263377920,SELL,35000,87.02,402.2064,Irina M,Completed,2025-09-14 06:33:09+00
1967118213315936256,SELL,12000,87.05,137.8519,Irina M,Completed,2025-09-14 06:48:25+00
1967242241507475456,BUY,28500,82.35,346.0838,Mustafaev1,Completed,2025-09-14 15:01:15+00
1967267184064479232,BUY,35000,82.68,423.3188,WilliamRazzy,Completed,2025-09-14 16:40:22+00
1967556152900423680,BUY,14130.1,82.9,170.4475,Dreamer13,Canceled,2025-09-15 11:48:38+00
1967581546493943808,BUY,16001,83,192.7831,kostik112_47,Canceled,2025-09-15 13:29:32+00
1967583736736813056,BUY,22400,82.9,270.2051,ProdamGRN,Completed,2025-09-15 13:38:14+00
1967585286278430720,BUY,16000,82.5,193.9394,LizOkâ¤ï¸âð¥ðð,Completed,2025-09-15 13:44:23+00
1967594350039031808,SELL,20000.02,89.11,224.442,DimaSio,Canceled,2025-09-15 14:20:24+00
1967942284374646784,SELL,20000,89.8,222.7172,criipto,Completed,2025-09-16 13:22:58+00
1967943836661407744,SELL,30000,89.8,334.0758,criipto,Completed,2025-09-16 13:29:08+00
1967959369459232768,SELL,21000,88.9,236.2205,criipto,Completed,2025-09-16 14:30:52+00
1968333010427355136,SELL,40000,90.38,442.5758,Konex,Canceled,2025-09-17 15:15:35+00
1968339084476682240,SELL,40000,90.37,442.6248,Konex,Canceled,2025-09-17 15:39:43+00
1968540297298505728,SELL,47000,90.43,519.7391,qqept,Canceled,2025-09-18 04:59:16+00
1968541645309743104,SELL,47000,88.1,533.4847,_UMBRELLA_PRO_,Canceled,2025-09-18 05:04:37+00
1968630521082597376,SELL,51000,89.5,569.8325,dan1,Canceled,2025-09-18 10:57:47+00
1968685702637867008,SELL,11100,87.5,126.8572,the_Kot,Completed,2025-09-18 14:37:03+00
1968897281002590208,BUY,17000,82.4,206.3107,obmen_krd,Canceled,2025-09-19 04:37:47+00
1968905604359471104,BUY,10000,82.1,121.8027,Bufet_Zavoda,Completed,2025-09-19 05:10:52+00
1969635739657601024,BUY,30000,82.07,365.5416,Apolon333,Completed,2025-09-21 05:32:10+00
1969635749498540032,BUY,10000,82.05,121.8769,SANYA-777,Completed,2025-09-21 05:32:12+00
1969635764313313280,BUY,14989,81.99,182.815,cryptoDAD,Completed,2025-09-21 05:32:16+00
1969726234090332160,BUY,38700,81.85,472.8161,ELITKA,Canceled,2025-09-21 11:31:45+00
1969727503293775872,BUY,38700,81.85,472.8161,ELITKA,Canceled,2025-09-21 11:36:48+00
1969727544879218688,BUY,39800,82.3,483.5966,AlenaBusiness,Canceled,2025-09-21 11:36:58+00
1969727574426312704,BUY,11000,82.15,133.9014,Wld_Eg,Canceled,2025-09-21 11:37:05+00
1969796791785861120,SELL,50000,89.61,557.9735,ðBig_Whaleð,Canceled,2025-09-21 16:12:07+00
1969805784139509760,SELL,14000,87,160.9196,ZolotayaScaha,Completed,2025-09-21 16:47:51+00
1970088398947274752,SELL,14500,87.1,166.4754,Zanetti500,Completed,2025-09-22 11:30:52+00
1970092777638494208,BUY,15000,83.99,178.5927,RockeT,Canceled,2025-09-22 11:48:16+00
1970094705043103744,BUY,10485,83.7,125.2688,Notlxxk,Completed,2025-09-22 11:55:56+00
1970095099861901312,BUY,30000,83.8,357.9952,YABLOKO,Completed,2025-09-22 11:57:30+00
1970098125260455936,BUY,10657,82.84,128.6456,wyrmyon,Completed,2025-09-22 12:09:31+00
1970099464944332800,SELL,18743,87.5,214.2058,rezedavv,Canceled,2025-09-22 12:14:50+00
1970149341167702016,BUY,16000,82.91,192.9803,yana_exchange,Completed,2025-09-22 15:33:02+00
1970149377073549312,BUY,22500,82.98,271.1497,ÐÐ°ÑÐ¸ Ð Ð¾ÑÐ·,Canceled,2025-09-22 15:33:10+00
1970149390573109248,BUY,14100,83.3,169.2677,keysoGG,Canceled,2025-09-22 15:33:14+00
1970161937277587456,SELL,21080,86.55,243.5587,Zanetti500,Completed,2025-09-22 16:23:05+00
1970882711884435456,BUY,13814.99,83.7,165.0536,Multibux,Canceled,2025-09-24 16:07:11+00
1970882745897136128,BUY,10000,83.77,119.3745,hadigod,Completed,2025-09-24 16:07:19+00
1970882808539066368,BUY,24000,84,285.7143,YABLOKO,Canceled,2025-09-24 16:07:34+00
1971224231599562752,SELL,55000,87.3,630.0115,Mansur S,Completed,2025-09-25 14:44:16+00
1971228799621431296,SELL,11400,89,128.0899,ZolotayaScaha,Completed,2025-09-25 15:02:25+00
1971587953769791488,SELL,21500,87.5,245.7143,DOCTOR_,Completed,2025-09-26 14:49:34+00
1971601986348363776,SELL,15000,87.7,171.0377,Mansur S,Completed,2025-09-26 15:45:19+00
1971937242662985728,SELL,14000,87.7,159.6352,Kirill_eim,Completed,2025-09-27 13:57:31+00
1971961033761873920,BUY,18000,83.7,215.0538,Jack_MediaP2...,Canceled,2025-09-27 15:32:03+00
1971962300659818496,BUY,50000,83.7,597.3716,Berezka.Ex,Completed,2025-09-27 15:37:05+00
1971976199275761664,BUY,43170,83.65,516.0789,Ho.Okah B0sss,Completed,2025-09-27 16:32:19+00
1972331624665923584,BUY,15000,83.63,179.3615,honeycard,Completed,2025-09-28 16:04:39+00
1972335137410727936,BUY,10000,83.6,119.6172,kurome,Completed,2025-09-28 16:18:36+00
1972336231035416576,BUY,11700,84,139.2857,FromARTmoney,Canceled,2025-09-28 16:22:57+00
1972336926121635840,BUY,11700,84,139.2857,FromARTmoney,Canceled,2025-09-28 16:25:43+00
1972677806721916928,SELL,10000,87.9,113.7657,Love isâ¦.â¤ï¸,Completed,2025-09-29 15:00:15+00
1972690081065840640,SELL,21492,89,241.4832,ZolotayaScaha,Completed,2025-09-29 15:49:01+00
1973036397136228352,SELL,34000,87.7,387.6853,Love isâ¦.â¤ï¸,Completed,2025-09-30 14:45:10+00
1973040509896937472,SELL,26000,88,295.4546,Love isâ¦.â¤ï¸,Completed,2025-09-30 15:01:30+00
1973056127055081472,SELL,25900,88,294.3182,Love isâ¦.â¤ï¸,Canceled,2025-09-30 16:03:33+00
1974011341285928960,SELL,10000,88.32,113.2247,Irina M,Completed,2025-10-03 07:19:14+00
1974013298006147072,SELL,20000,88.32,226.4493,Irina M,Completed,2025-10-03 07:27:01+00
1974015528388308992,SELL,18000.01,88,204.5456,KUCHER_P2P,Completed,2025-10-03 07:35:53+00
1974100908005961728,SELL,20000,87.5,228.5715,ZolotayaScaha,Canceled,2025-10-03 13:15:09+00
1974105864937111552,SELL,10000,87.5,114.2858,ZolotayaScaha,Completed,2025-10-03 13:34:50+00
1974112093226848256,SELL,11200,87.5,128,ZolotayaScaha,Canceled,2025-10-03 13:59:35+00
1974117479086522368,SELL,13800,87.5,157.7143,ZolotayaScaha,Canceled,2025-10-03 14:21:00+00
1974516114320228352,SELL,30750,85.99,357.5998,Love isâ¦.â¤ï¸,Completed,2025-10-04 16:45:02+00
1974518894668881920,SELL,30750,85.99,357.5998,Love isâ¦.â¤ï¸,Completed,2025-10-04 16:56:05+00
1975592737058607104,BUY,20000,79.9,250.3129,cheap_priceee,Canceled,2025-10-07 16:03:09+00
1977765881755856896,BUY,14400,82,175.6098,Ho.Okah B0sss,Completed,2025-10-13 15:58:27+00
1977767145684643840,BUY,32000,81.99,390.2915,26est,Completed,2025-10-13 16:03:28+00
1977772261343014912,BUY,28500,82.39,345.9158,OnlEx,Completed,2025-10-13 16:23:48+00
1977773531755728896,BUY,15290.01,82,186.4635,Nekky5,Completed,2025-10-13 16:28:51+00
1978472073518407680,SELL,50000,88.5,564.9718,Love isâ¦.â¤ï¸,Completed,2025-10-15 14:44:36+00
1978476343761944576,SELL,50000,89.9,556.1736,Irina M,Completed,2025-10-15 15:01:34+00
1979928346010882048,BUY,15000,81.39,184.2978,AlenaBusiness,Completed,2025-10-19 15:11:18+00
1979936404465315840,BUY,36000,81.5,441.7177,Gregory87,Completed,2025-10-19 15:43:19+00
1980644683729358848,BUY,47000,81.35,577.7504,tarzan,Canceled,2025-10-21 14:37:46+00
1980644688748662784,BUY,18050,80.98,222.8945,Gaishnick,Canceled,2025-10-21 14:37:47+00
1980649384997457920,BUY,18600,80.6,230.7692,Finradirix,Canceled,2025-10-21 14:56:27+00
1980651452603240448,BUY,28888,81,356.6419,MoneyTRNSFR,Completed,2025-10-21 15:04:40+00
1980658228663988224,BUY,10353,81,127.8148,sunshineCypto,Completed,2025-10-21 15:31:36+00
1980659780075671552,BUY,12675,81,156.4814,sunshineCypto,Completed,2025-10-21 15:37:46+00
1981001362993246208,BUY,33340,81.1,411.0974,whymoney,Completed,2025-10-22 14:15:05+00
1981382846416351232,BUY,19300,81.5,236.8098,BazeOfficer,Completed,2025-10-23 15:30:58+00
1981580025041395712,BUY,14000,80.7,173.482,vondefool,Completed,2025-10-24 04:34:29+00
1981601540541018112,BUY,10710,80.2,133.5411,BYSTRO,Completed,2025-10-24 05:59:59+00
1981622065353125888,BUY,35111,82.49,425.6394,timur555,Canceled,2025-10-24 07:21:32+00
1981622327167234048,BUY,13000,80.94,160.6127,GreyShark,Completed,2025-10-24 07:22:35+00
1981710106677743616,BUY,14960,81,184.6913,LORD25,Completed,2025-10-24 13:11:23+00
1981744613613039616,BUY,15000,80.93,185.3453,unciia,Completed,2025-10-24 15:28:30+00
1982008113220366336,SELL,78900,86,917.4419,Kings bit,Completed,2025-10-25 08:55:33+00
1982096510575398912,SELL,18400,84.5,217.7515,Love isâ¦.â¤ï¸,Completed,2025-10-25 14:46:49+00
1982384290716110848,SELL,45000,86.02,523.1342,Irina M,Canceled,2025-10-26 09:50:21+00
1982412665453334528,SELL,20000,86.02,232.5041,Irina M,Completed,2025-10-26 11:43:06+00
1982823163360780288,SELL,50000,86,581.3954,dkraw,Completed,2025-10-27 14:54:16+00
1982828299040686080,SELL,20000,87.4,228.8329,b3nw1k,Completed,2025-10-27 15:14:41+00
1982829602365509632,SELL,20000,85,235.2942,Love isâ¦.â¤ï¸,Completed,2025-10-27 15:19:51+00
1983140923008839680,SELL,10000.01,88.05,113.5719,Roman2505,Completed,2025-10-28 11:56:56+00
1983142824972660736,SELL,23000.01,88.05,261.2153,Roman2505,Completed,2025-10-28 12:04:30+00
1983184807570120704,BUY,20704,80,258.8,Dayana23,Completed,2025-10-28 14:51:19+00
1983514809390014464,BUY,42750,81,527.7777,Harlem100,Completed,2025-10-29 12:42:38+00
1983519428553629696,BUY,10900,81,134.5679,aleksfed,Completed,2025-10-29 13:00:59+00
1983521514781876224,BUY,10000,80.5,124.2236,MidasTouch2,Completed,2025-10-29 13:09:16+00
1983526471020716032,BUY,32512,80.64,403.1746,Rooflik,Completed,2025-10-29 13:28:58+00
1983534594868514816,BUY,25755,80.39,320.3756,Giezalo2,Completed,2025-10-29 14:01:15+00
1983546708958142464,BUY,34171.88,80.4,425.0233,Nohchi77,Completed,2025-10-29 14:49:23+00
1983570441490817024,BUY,12000,80.15,149.7192,TurboExch,Completed,2025-10-29 16:23:41+00
1983574160119623680,BUY,15000,80.15,187.149,TurboExch,Completed,2025-10-29 16:38:28+00
1983575625514561536,BUY,31480,80.6,390.5707,Gaishnick,Completed,2025-10-29 16:44:17+00
1983939647346778112,SELL,20300,85.2,238.263,Love isâ¦.â¤ï¸,Completed,2025-10-30 16:50:47+00
1983943685907451904,SELL,15000,85.33,175.7882,Love isâ¦.â¤ï¸,Canceled,2025-10-30 17:06:50+00
1983944719902056448,SELL,10000,87.15,114.7446,Maaarmon,Canceled,2025-10-30 17:10:56+00
1984272590529622016,SELL,60000,88,681.8181,b3nw1k,Completed,2025-10-31 14:53:47+00
1984601213154648064,SELL,26000,85.1,305.523,Love isâ¦.â¤ï¸,Completed,2025-11-01 12:39:36+00
1984651464713719808,SELL,20000,89.9,222.4695,ALTER-X,Canceled,2025-11-01 15:59:17+00
1984932290312364032,SELL,10000,86.02,116.2521,Irina M,Completed,2025-11-02 10:35:11+00
1984979783808507904,SELL,10000,86.02,116.2521,Irina M,Completed,2025-11-02 13:43:55+00
1984991643248369664,SELL,25000,85.5,292.3977,Kings bit,Completed,2025-11-02 14:31:02+00
1984999072288530432,SELL,24000,86.02,279.0049,Irina M,Canceled,2025-11-02 15:00:33+00
1985229352573034496,SELL,25000,87.4,286.0412,b3nw1k,Canceled,2025-11-03 06:15:37+00
1985230008138555392,SELL,25000,87.1,287.0264,b3nw1k,Canceled,2025-11-03 06:18:13+00
1985237380215644160,SELL,25000,89,280.8988,Jamalllxxx,Canceled,2025-11-03 06:47:30+00
1985255036596514816,SELL,15000,89.1,168.3501,ALEX007,Canceled,2025-11-03 07:57:40+00
1985297838433533952,SELL,55000,87.2,630.7339,b3nw1k,Completed,2025-11-03 10:47:45+00
1985302993391095808,SELL,44000,87.2,504.5872,b3nw1k,Canceled,2025-11-03 11:08:14+00
1985317180525256704,SELL,50000,86.02,581.2602,Irina M,Completed,2025-11-03 12:04:36+00
1985573978637344768,SELL,11855.02,88.65,133.7284,Rosenalð,Canceled,2025-11-04 05:05:02+00
1986096838049337344,BUY,56000,81.98,683.0934,Estor,Completed,2025-11-05 15:42:41+00
1986098816773140480,BUY,34000,81.75,415.9021,NatashaMenyasha,Completed,2025-11-05 15:50:33+00
1986100603437617152,BUY,31688,82,386.439,kkub1k,Completed,2025-11-05 15:57:39+00
1986111882016997376,BUY,16490,81.5,202.3312,muaz,Completed,2025-11-05 16:42:28+00
1986280070559993856,BUY,47300,81.3,581.7958,BiggBoss ð,Completed,2025-11-06 03:50:47+00
1986281836356079616,BUY,30000,81.3,369.0036,ðBLANCð,Completed,2025-11-06 03:57:48+00
1986284574451814400,BUY,14071,81.2,173.2881,BiggBoss ð,Completed,2025-11-06 04:08:41+00
1986286941298397184,BUY,25000,81.4,307.1253,Name222,Completed,2025-11-06 04:18:05+00
1986296853437042688,BUY,12800,81.5,157.0552,BiggBoss ð,Completed,2025-11-06 04:57:29+00
1986687509627502592,SELL,10000,85,117.647,Mr.JimmyChanger,Canceled,2025-11-07 06:49:48+00
1986782679209938944,SELL,16000,85.5,187.1346,Irina M,Completed,2025-11-07 13:07:58+00
1986829850640789504,SELL,21000,85,247.0589,Kings bit,Completed,2025-11-07 16:15:25+00
1986831349416837120,SELL,77350,87.1,888.0598,b3nw1k,Canceled,2025-11-07 16:21:22+00
1986845056818921472,SELL,20880,85,245.6471,Kings bit,Completed,2025-11-07 17:15:50+00
1987089935204044800,SELL,90000,86,1046.5117,Zyavvva,Canceled,2025-11-08 09:28:54+00
1987092298304278528,SELL,30000,87.1,344.4317,b3nw1k,Canceled,2025-11-08 09:38:17+00
1987163637282148352,SELL,30000,90,333.3334,ALTER-X,Canceled,2025-11-08 14:21:46+00
1987440669035499520,SELL,13820,84.8,162.9717,Kirill_eim,Completed,2025-11-09 08:42:35+00
1987457222694682624,SELL,20000,85.5,233.9182,Irina M,Completed,2025-11-09 09:48:22+00
1987461053076570112,SELL,20000,85.5,233.9182,Irina M,Completed,2025-11-09 10:03:35+00
1987461932148162560,SELL,35000,85.5,409.3568,Irina M,Completed,2025-11-09 10:07:05+00
1987463874287124480,SELL,41800,85.5,488.8889,Irina M,Canceled,2025-11-09 10:14:48+00
1987501711086350336,SELL,29000,84.7,342.3849,Kings bit,Completed,2025-11-09 12:45:09+00
1987525812781830144,SELL,36000,85.5,421.0527,Irina M,Completed,2025-11-09 14:20:55+00
1987841566614917120,SELL,29500,90,327.7778,ALTER-X,Completed,2025-11-10 11:15:37+00
1987872937729134592,SELL,54167,90.5,598.5303,Kirillam,Canceled,2025-11-10 13:20:16+00
1987875593366523904,SELL,34500.01,89.05,387.423,Roman2505,Canceled,2025-11-10 13:30:49+00
1988247591518109696,BUY,47000,81.41,577.3247,foxy09,Cancelled,2025-11-11 14:09:00.14+00
1988270976745754624,SELL,46400.01,90.5,512.7073,KUCHER_P2P,Cancelled,2025-11-11 15:41:55.935+00
1988283411524251648,BUY,47000,81.58,576.1216,Phantompaco,Completed,2025-11-11 16:31:20.51+00
1988288540175175680,BUY,55000,81.55,674.4329,IID555,Completed,2025-11-11 16:51:44.519+00
1988522535597740032,BUY,24800,81,306.1728,asssk,Cancelled,2025-11-12 08:21:33.612+00
1988545654344069120,BUY,22500,81,277.7778,FamilyAcc,Completed,2025-11-12 09:53:25.28+00
1988651797766680576,SELL,15000,89,168.5394,ALTER-X,Completed,2025-11-12 16:55:12.042+00
1988823634393985024,BUY,30000,81.7,367.1971,SoloX,Completed,2025-11-13 04:17:59.591+00
1988826471000969216,BUY,38500,81.5,472.3926,hadaev095,Completed,2025-11-13 04:29:15.758+00
1988832441589202944,BUY,10000,80.5,124.2236,no_problemBRO,Completed,2025-11-13 04:53:00.761+00
1988833177667244032,BUY,20000,81.3,246.0025,vondefool,Cancelled,2025-11-13 04:55:54.839+00
1988836027462111232,BUY,10000,81.7,122.399,ââ¯ WINCHESTER â¯,Cancelled,2025-11-13 05:07:15.865+00
1988993583597592576,BUY,25700,81.7,314.5655,ðMeowMeowð,Cancelled,2025-11-13 15:33:18.985+00
1989331711835394048,SELL,30000,85.5,350.8772,Kings bit,Cancelled,2025-11-14 13:56:57.362+00
1989335899773988864,SELL,32000,85.5,374.2691,,Completed,2025-11-14 14:13:34.429+00
1989336864593620992,SELL,80000,87.1,918.4846,b3nw1k,Cancelled,2025-11-14 14:17:23.996+00
1989344536634454016,SELL,50000,85,588.2353,Kings bit,Cancelled,2025-11-14 14:47:53.157+00
1989349592652615680,SELL,50000,85,588.2353,Kings bit,Cancelled,2025-11-14 15:07:58.99+00
1989548457250361344,BUY,10910,81.15,134.4424,PAVLYA777,Completed,2025-11-15 04:18:11.135+00
1989550231973416960,BUY,42750,80.99,527.8429,MidiB,Completed,2025-11-15 04:25:14.116+00
1989552091044352000,BUY,17000,81,209.8765,vondefool,Cancelled,2025-11-15 04:32:37.932+00
1989557964848951296,BUY,40000,81.1,493.2182,ðMrs_Mag1c,Cancelled,2025-11-15 04:55:58.492+00
1989565048305065984,BUY,11240,80.8,139.1089,PAVLYA777,Cancelled,2025-11-15 05:24:06.678+00
1989592605005107200,BUY,19450,81.4,238.9435,SawRool,Cancelled,2025-11-15 07:13:36.81+00
1989595562160599040,SELL,30000,85,352.9412,,Completed,2025-11-15 07:25:24.1+00
1989601363943555072,SELL,58000,85,682.353,Kings bit,Cancelled,2025-11-15 07:48:25.339+00
1989625745937633280,SELL,50000,85.11,587.4751,âUSTD-changeð¹,Completed,2025-11-15 09:25:19.495+00
1989636151192010752,SELL,30000,87.1,344.4317,b3nw1k,Completed,2025-11-15 10:06:39.523+00
1989682304242081792,SELL,34000.01,87,390.8048,KUCHER_P2P,Cancelled,2025-11-15 13:10:04.035+00
1989907455716290560,BUY,20000,80.45,248.6016,alteNchick:),Completed,2025-11-16 04:04:42.939+00
1989908616338100224,BUY,30000,81.1,369.9137,Mag1cpie,Completed,2025-11-16 04:09:19.616+00
1989914155581890560,BUY,23000,80.55,285.5369,Sedoy_trader,Completed,2025-11-16 04:31:20.303+00
1989916677456867328,BUY,15200,80.6,188.5856,Atmosphera SPB,Completed,2025-11-16 04:41:21.582+00
1989919772603731968,BUY,44200,81.4,542.9975,KingBIT,Cancelled,2025-11-16 04:53:39.529+00
1989925680770252800,BUY,30000,81.4,368.5504,KingBIT,Completed,2025-11-16 05:17:08.447+00
1989930253926985728,BUY,10000,80.5,124.2236,GARIK1212,Completed,2025-11-16 05:35:18.511+00
1989941618531692544,BUY,41500,80.4,516.1692,FamilyAcc,Cancelled,2025-11-16 06:20:29.325+00
1990020426079330304,SELL,36800,86.2,426.9142,Irina M,Completed,2025-11-16 11:33:38.21+00
1990321265567019008,SELL,27000,87.3,309.2784,b3nw1k,Completed,2025-11-17 07:29:03.357+00
1990323621360775168,SELL,30000,85,352.9412,dkraw,Completed,2025-11-17 07:38:24.973+00
1990324579345166336,SELL,49000,85.8,571.0956,Irina M,Completed,2025-11-17 07:42:13.901+00
1990326804515340288,SELL,44125,84.9,519.7291,Kings bit,Completed,2025-11-17 07:51:03.756+00
1991144203037331456,BUY,20000,81,246.9136,Finradirix,Completed,2025-11-19 13:59:07.659+00
1991158078096228352,BUY,50009,81.19,615.9502,euph0ria,Cancelled,2025-11-19 14:54:15.936+00
1991159143045636096,BUY,50009,81.19,615.9502,euph0ria,Cancelled,2025-11-19 14:58:31.303+00
1991160304361639936,BUY,29050,80.79,359.5742,IgorSt,Completed,2025-11-19 15:03:06.778+00
1991176932615626752,BUY,59068,81,729.2346,Niko77,Completed,2025-11-19 16:09:11.021+00
1991178877469560832,BUY,33135,81,409.0741,kkub1k,Cancelled,2025-11-19 16:16:54.781+00
1991181237511966720,SELL,86000,87.3,981.1089,b3nw1k,Completed,2025-11-19 16:58:09+00
1991356478901080064,BUY,30000,80.2,374.0648,alteNchick:),Completed,2025-11-20 04:02:37.667+00
1991367176094408704,BUY,35000.01,80.35,435.5944,KAMUSHEKð,Completed,2025-11-20 04:45:07.948+00
1991523760191369216,SELL,130000,86.5,1502.8901,dkraw,Completed,2025-11-20 15:27:17+00
1991719204773429248,BUY,56500,80.8,699.2574,Mag1cpie,Completed,2025-11-21 04:03:59.116+00
1991720116394053632,BUY,57600,80.6,714.6402,Sultakripto,Cancelled,2025-11-21 04:07:36.573+00
1991720909009121280,BUY,19000,80.7,235.4399,AbramDurso,Completed,2025-11-21 04:10:45.616+00
1991723073571332096,BUY,70000,80.6,868.4864,Sultakripto,Completed,2025-11-21 04:19:21.808+00
1991866939622977536,SELL,150000,86.5,1734.1041,dkraw,Completed,2025-11-21 14:04:33+00